NodeUniqueName|ContextUniqueName|AttributeUniqueName
AddNode|DomainNode|DisplayName
AddNode|DomainNode|UniqueName
AddNode|DomainNode|Goal
AddNode|DomainNode|AlertLevelChanges
AddNode|DomainNode|ContextGuidelines
AddNode|DomainNode|NotesForEndUser
AddNode|DomainNode|NodeDetailsByDomainExpert
AddNode|DomainNode|NodeDetailsByModelIntegrator
AddNode|DomainNode|NodeScript
AddNode|DomainNode|NodeScriptLanguage
AddNode|DomainNode|NodeType
AddNode|DomainNode|NodeTag
EditNode|DomainNode|DisplayName
EditNode|DomainNode|UniqueName
EditNode|DomainNode|Goal
EditNode|DomainNode|AlertLevelChanges
EditNode|DomainNode|ContextGuidelines
EditNode|DomainNode|NotesForEndUser
EditNode|DomainNode|NodeDetailsByDomainExpert
EditNode|DomainNode|NodeDetailsByModelIntegrator
EditNode|DomainNode|NodeScript
EditNode|DomainNode|NodeScriptLanguage
EditNode|DomainNode|NodeType
EditNode|DomainNode|NodeTag
AddNodeInModel|DomainNode|DisplayName
AddNodeInModel|DomainNode|UniqueName
AddNodeInModel|DomainNode|Goal
AddNodeInModel|DomainNode|AlertLevelChanges
AddNodeInModel|DomainNode|ContextGuidelines
AddNodeInModel|DomainNode|NotesForEndUser
AddNodeInModel|DomainNode|NodeDetailsByDomainExpert
AddNodeInModel|DomainNode|NodeDetailsByModelIntegrator
AddNodeInModel|DomainNode|NodeScript
AddNodeInModel|DomainNode|NodeScriptLanguage
AddNodeInModel|DomainNode|NodeType
AddNodeInModel|DomainNode|NodeTag
EditNodeInModel|DomainNode|DisplayName
EditNodeInModel|DomainNode|UniqueName
EditNodeInModel|DomainNode|Goal
EditNodeInModel|DomainNode|AlertLevelChanges
EditNodeInModel|DomainNode|ContextGuidelines
EditNodeInModel|DomainNode|NotesForEndUser
EditNodeInModel|DomainNode|NodeDetailsByDomainExpert
EditNodeInModel|DomainNode|NodeDetailsByModelIntegrator
EditNodeInModel|DomainNode|NodeScript
EditNodeInModel|DomainNode|NodeScriptLanguage
EditNodeInModel|DomainNode|NodeType
EditNodeInModel|DomainNode|NodeTag
DeleteDiscussion|SelectComment|CommentTitle
DeleteDiscussionInModel|SelectComment|CommentTitle
DeleteLink|SelectLink|DisplayName5
DeleteLink|SelectLink|LinkScript1
DeleteLink|SelectLink|UniqueName2
DeleteLink|SelectLink|LinkScriptLanguage1
EditLink|SelectLink|DisplayName5
EditLink|SelectLink|LinkScript1
EditLink|SelectLink|UniqueName2
EditLink|SelectLink|LinkScriptLanguage1
EditLinkInModel|SelectLink|DisplayName5
EditLinkInModel|SelectLink|LinkScript1
EditLinkInModel|SelectLink|UniqueName2
EditLinkInModel|SelectLink|LinkScriptLanguage1
DeleteLinkInModel|SelectLink|DisplayName5
DeleteLinkInModel|SelectLink|LinkScript1
DeleteLinkInModel|SelectLink|UniqueName2
DeleteLinkInModel|SelectLink|LinkScriptLanguage1
ProvideDeleteLinkInformationToUI|SelectLink|DisplayName5
ProvideDeleteLinkInformationToUI|SelectLink|LinkScript1
ProvideDeleteLinkInformationToUI|SelectLink|UniqueName2
ProvideDeleteLinkInformationToUI|SelectLink|LinkScriptLanguage1
DeleteNode|SelectNode|DisplayName1
AddDiscussion|SelectNode|DisplayName1
ReplyDiscussion|SelectNode|DisplayName1
DeleteDiscussion|SelectNode|DisplayName1
LinkNodeToRole|SelectNode|DisplayName1
LinkNodeToReference|SelectNode|DisplayName1
AddNode|SelectNode|DisplayName1
RemoveRoleLinkFromNode|SelectNode|DisplayName1
RemoveReferenceLinkFromNode|SelectNode|DisplayName1
AddNodeInModel|SelectNode|DisplayName1
DeleteNodeInModel|SelectNode|DisplayName1
AddDiscussionInModel|SelectNode|DisplayName1
ReplyDiscussionInModel|SelectNode|DisplayName1
DeleteDiscussionInModel|SelectNode|DisplayName1
LinkNodeToRoleInModel|SelectNode|DisplayName1
RemoveRoleLinkFromNodeInModel|SelectNode|DisplayName1
RemoveReferenceLinkFromNodeInModel|SelectNode|DisplayName1
LinkNodeToReferenceInModel|SelectNode|DisplayName1
EditRole|EditOverlayRole|RoleName1
EditRole|EditOverlayRole|RoleDescription1
EditRole|EditOverlayRole|IsAdmin1
EditRoleInModel|EditOverlayRole|RoleName1
EditRoleInModel|EditOverlayRole|RoleDescription1
EditRoleInModel|EditOverlayRole|IsAdmin1
DeleteRole|SelectOverlayRole|RoleName2
LinkNodeToRole|SelectOverlayRole|RoleName2
RemoveRoleLinkFromNode|SelectOverlayRole|RoleName2
DeleteRoleInModel|SelectOverlayRole|RoleName2
LinkNodeToRoleInModel|SelectOverlayRole|RoleName2
RemoveRoleLinkFromNodeInModel|SelectOverlayRole|RoleName2
EditReference|EditOverlayReference|FileName1
EditReference|EditOverlayReference|IsGAC1
EditReferenceInModel|EditOverlayReference|FileName1
EditReferenceInModel|EditOverlayReference|IsGAC1
DeleteReference|SelectOverlayReference|FileName2
DeleteReference|SelectOverlayReference|IsGAC2
LinkNodeToReference|SelectOverlayReference|FileName2
LinkNodeToReference|SelectOverlayReference|IsGAC2
RemoveReferenceLinkFromNode|SelectOverlayReference|FileName2
RemoveReferenceLinkFromNode|SelectOverlayReference|IsGAC2
DeleteReferenceInModel|SelectOverlayReference|FileName2
DeleteReferenceInModel|SelectOverlayReference|IsGAC2
RemoveReferenceLinkFromNodeInModel|SelectOverlayReference|FileName2
RemoveReferenceLinkFromNodeInModel|SelectOverlayReference|IsGAC2
LinkNodeToReferenceInModel|SelectOverlayReference|FileName2
LinkNodeToReferenceInModel|SelectOverlayReference|IsGAC2
AddDiscussion|Comment|Title
AddDiscussion|Comment|Author
AddDiscussion|Comment|Role
AddDiscussion|Comment|Date
AddDiscussion|Comment|CommentDetails
ReplyDiscussion|Comment|Title
ReplyDiscussion|Comment|Author
ReplyDiscussion|Comment|Role
ReplyDiscussion|Comment|Date
ReplyDiscussion|Comment|CommentDetails
AddDiscussionInModel|Comment|Title
AddDiscussionInModel|Comment|Author
AddDiscussionInModel|Comment|Role
AddDiscussionInModel|Comment|Date
AddDiscussionInModel|Comment|CommentDetails
ReplyDiscussionInModel|Comment|Title
ReplyDiscussionInModel|Comment|Author
ReplyDiscussionInModel|Comment|Role
ReplyDiscussionInModel|Comment|Date
ReplyDiscussionInModel|Comment|CommentDetails
MoveNode|SelectSourceNode|SourceNodeDisplayName
MoveNode|SelectSourceNode|SourceNodeUniqueName
MoveNodeInModel|SelectSourceNode|SourceNodeDisplayName
MoveNodeInModel|SelectSourceNode|SourceNodeUniqueName
MoveNode|SelectTargetNode|TargetNodeDisplayName
MoveNode|SelectTargetNode|TargetNodeUniqueName
MoveNodeInModel|SelectTargetNode|TargetNodeDisplayName
MoveNodeInModel|SelectTargetNode|TargetNodeUniqueName
AddLink|SelectParentNode|DisplayName3
AddLinkInModel|SelectParentNode|DisplayName3
EditNode|SelectNodeForEdit|DisplayName2
EditNode|SelectNodeForEdit|UniqueName1
EditNode|SelectNodeForEdit|Goal1
EditNode|SelectNodeForEdit|AlertLevelChanges1
EditNode|SelectNodeForEdit|ContextGuidelines1
EditNode|SelectNodeForEdit|NotesForEndUser1
EditNode|SelectNodeForEdit|NodeDetailsByDomainExpert1
EditNode|SelectNodeForEdit|NodeDetailsByModelIntegrator1
EditNode|SelectNodeForEdit|NodeScript1
EditNode|SelectNodeForEdit|NodeScriptLanguage1
EditNode|SelectNodeForEdit|NodeType1
EditNode|SelectNodeForEdit|NodeTag1
EditNodeInModel|SelectNodeForEdit|DisplayName2
EditNodeInModel|SelectNodeForEdit|UniqueName1
EditNodeInModel|SelectNodeForEdit|Goal1
EditNodeInModel|SelectNodeForEdit|AlertLevelChanges1
EditNodeInModel|SelectNodeForEdit|ContextGuidelines1
EditNodeInModel|SelectNodeForEdit|NotesForEndUser1
EditNodeInModel|SelectNodeForEdit|NodeDetailsByDomainExpert1
EditNodeInModel|SelectNodeForEdit|NodeDetailsByModelIntegrator1
EditNodeInModel|SelectNodeForEdit|NodeScript1
EditNodeInModel|SelectNodeForEdit|NodeScriptLanguage1
EditNodeInModel|SelectNodeForEdit|NodeType1
EditNodeInModel|SelectNodeForEdit|NodeTag1
ProvideNodeInformationToUI|SelectNodeForEdit|DisplayName2
ProvideNodeInformationToUI|SelectNodeForEdit|UniqueName1
ProvideNodeInformationToUI|SelectNodeForEdit|Goal1
ProvideNodeInformationToUI|SelectNodeForEdit|AlertLevelChanges1
ProvideNodeInformationToUI|SelectNodeForEdit|ContextGuidelines1
ProvideNodeInformationToUI|SelectNodeForEdit|NotesForEndUser1
ProvideNodeInformationToUI|SelectNodeForEdit|NodeDetailsByDomainExpert1
ProvideNodeInformationToUI|SelectNodeForEdit|NodeDetailsByModelIntegrator1
ProvideNodeInformationToUI|SelectNodeForEdit|NodeScript1
ProvideNodeInformationToUI|SelectNodeForEdit|NodeScriptLanguage1
ProvideNodeInformationToUI|SelectNodeForEdit|NodeType1
ProvideNodeInformationToUI|SelectNodeForEdit|NodeTag1
AddRole|AddOverlayRole|RoleName
AddRole|AddOverlayRole|RoleDescription
AddRole|AddOverlayRole|IsAdmin
EditRole|AddOverlayRole|RoleName
EditRole|AddOverlayRole|RoleDescription
EditRole|AddOverlayRole|IsAdmin
AddRoleInModel|AddOverlayRole|RoleName
AddRoleInModel|AddOverlayRole|RoleDescription
AddRoleInModel|AddOverlayRole|IsAdmin
EditRoleInModel|AddOverlayRole|RoleName
EditRoleInModel|AddOverlayRole|RoleDescription
EditRoleInModel|AddOverlayRole|IsAdmin
ReplyDiscussion|ReplyComment|ReplyTitle
ReplyDiscussion|ReplyComment|ReplyAuthor
ReplyDiscussion|ReplyComment|ReplyRole
ReplyDiscussion|ReplyComment|ReplyDate
ReplyDiscussion|ReplyComment|ReplyCommentDetails
ReplyDiscussion|ReplyComment|ReplyParentCommentId
ReplyDiscussionInModel|ReplyComment|ReplyTitle
ReplyDiscussionInModel|ReplyComment|ReplyAuthor
ReplyDiscussionInModel|ReplyComment|ReplyRole
ReplyDiscussionInModel|ReplyComment|ReplyDate
ReplyDiscussionInModel|ReplyComment|ReplyCommentDetails
ReplyDiscussionInModel|ReplyComment|ReplyParentCommentId
AddReference|AddOverlayReference|FileName
AddReference|AddOverlayReference|IsGAC
EditReference|AddOverlayReference|FileName
EditReference|AddOverlayReference|IsGAC
AddReferenceInModel|AddOverlayReference|FileName
AddReferenceInModel|AddOverlayReference|IsGAC
EditReferenceInModel|AddOverlayReference|FileName
EditReferenceInModel|AddOverlayReference|IsGAC
MoveNode|SelectDirection|Direction
MoveNodeInModel|SelectDirection|Direction
AddLink|SelectChildNode|DisplayName4
AddLinkInModel|SelectChildNode|DisplayName4
EditLink|EditOverlayLink|LinkScript
EditLink|EditOverlayLink|ScriptingLanguage
EditLinkInModel|EditOverlayLink|LinkScript
EditLinkInModel|EditOverlayLink|ScriptingLanguage
CompileModel|SelectTargetPath|TargetPath
ReadConfigFileForCompile|SelectTargetPath|TargetPath
GetRootNode|RootNode|RootNodeDisplayName
GetRootNode|RootNode|RootNodeType
ManageCISLayoutInformation|CISLayout|HomeCIS1
ManageCISLayoutInformation|CISLayout|LayoutUIML1
ManageCISLayoutInformation|CISLayout|CISNodeId
ManageCISInformationInModel|CISLayout|HomeCIS1
ManageCISInformationInModel|CISLayout|LayoutUIML1
ManageCISInformationInModel|CISLayout|CISNodeId
LoadSelectedDomainModelForAuthoring|DomainModelFile|DomainModelName1
LoadSelectedDomainModelForAuthoring|DomainModelFile|DomainModelFileName1
AddNode|DomainModelFile|DomainModelName1
AddNode|DomainModelFile|DomainModelFileName1
EditNode|DomainModelFile|DomainModelName1
EditNode|DomainModelFile|DomainModelFileName1
DeleteNode|DomainModelFile|DomainModelName1
DeleteNode|DomainModelFile|DomainModelFileName1
AddRole|DomainModelFile|DomainModelName1
AddRole|DomainModelFile|DomainModelFileName1
EditRole|DomainModelFile|DomainModelName1
EditRole|DomainModelFile|DomainModelFileName1
DeleteRole|DomainModelFile|DomainModelName1
DeleteRole|DomainModelFile|DomainModelFileName1
AddReference|DomainModelFile|DomainModelName1
AddReference|DomainModelFile|DomainModelFileName1
EditReference|DomainModelFile|DomainModelName1
EditReference|DomainModelFile|DomainModelFileName1
DeleteReference|DomainModelFile|DomainModelName1
DeleteReference|DomainModelFile|DomainModelFileName1
AddDiscussion|DomainModelFile|DomainModelName1
AddDiscussion|DomainModelFile|DomainModelFileName1
ReplyDiscussion|DomainModelFile|DomainModelName1
ReplyDiscussion|DomainModelFile|DomainModelFileName1
DeleteDiscussion|DomainModelFile|DomainModelName1
DeleteDiscussion|DomainModelFile|DomainModelFileName1
MoveNode|DomainModelFile|DomainModelName1
MoveNode|DomainModelFile|DomainModelFileName1
AddLink|DomainModelFile|DomainModelName1
AddLink|DomainModelFile|DomainModelFileName1
EditLink|DomainModelFile|DomainModelName1
EditLink|DomainModelFile|DomainModelFileName1
DeleteLink|DomainModelFile|DomainModelName1
DeleteLink|DomainModelFile|DomainModelFileName1
CompileModel|DomainModelFile|DomainModelName1
CompileModel|DomainModelFile|DomainModelFileName1
SaveModelAfterUpdate|DomainModelFile|DomainModelName1
SaveModelAfterUpdate|DomainModelFile|DomainModelFileName1
LinkNodeToRole|DomainModelFile|DomainModelName1
LinkNodeToRole|DomainModelFile|DomainModelFileName1
LinkNodeToReference|DomainModelFile|DomainModelName1
LinkNodeToReference|DomainModelFile|DomainModelFileName1
Reparent|DomainModelFile|DomainModelName1
Reparent|DomainModelFile|DomainModelFileName1
ReadConfigForUpdate|DomainModelFile|DomainModelName1
ReadConfigForUpdate|DomainModelFile|DomainModelFileName1
ReadConfigFileForCompile|DomainModelFile|DomainModelName1
ReadConfigFileForCompile|DomainModelFile|DomainModelFileName1
ReadConfigFile|DomainModelFile|DomainModelName1
ReadConfigFile|DomainModelFile|DomainModelFileName1
LoadModel|DomainModelFile|DomainModelName1
LoadModel|DomainModelFile|DomainModelFileName1
FetchAllNodesFromTheRepository|DomainModelFile|DomainModelName1
FetchAllNodesFromTheRepository|DomainModelFile|DomainModelFileName1
PrepareNodeList|DomainModelFile|DomainModelName1
PrepareNodeList|DomainModelFile|DomainModelFileName1
PrepareRoleNodeList|DomainModelFile|DomainModelName1
PrepareRoleNodeList|DomainModelFile|DomainModelFileName1
FetchAllRoleNodesFromRepository|DomainModelFile|DomainModelName1
FetchAllRoleNodesFromRepository|DomainModelFile|DomainModelFileName1
RemoveRoleLinkFromNode|DomainModelFile|DomainModelName1
RemoveRoleLinkFromNode|DomainModelFile|DomainModelFileName1
PrepareChildNodeList|DomainModelFile|DomainModelName1
PrepareChildNodeList|DomainModelFile|DomainModelFileName1
FetchAllChildNodesFromRepository|DomainModelFile|DomainModelName1
FetchAllChildNodesFromRepository|DomainModelFile|DomainModelFileName1
PrepareParentNodeList|DomainModelFile|DomainModelName1
PrepareParentNodeList|DomainModelFile|DomainModelFileName1
FetchAllParentNodesFromRepository|DomainModelFile|DomainModelName1
FetchAllParentNodesFromRepository|DomainModelFile|DomainModelFileName1
PrepareCISLayoutInformation|DomainModelFile|DomainModelName1
PrepareCISLayoutInformation|DomainModelFile|DomainModelFileName1
FetchCISLayoutInformationFromRepository|DomainModelFile|DomainModelName1
FetchCISLayoutInformationFromRepository|DomainModelFile|DomainModelFileName1
ManageCISLayoutInformation|DomainModelFile|DomainModelName1
ManageCISLayoutInformation|DomainModelFile|DomainModelFileName1
PrepareNodeInformation|DomainModelFile|DomainModelName1
PrepareNodeInformation|DomainModelFile|DomainModelFileName1
FetchNodeInformationFromRepository|DomainModelFile|DomainModelName1
FetchNodeInformationFromRepository|DomainModelFile|DomainModelFileName1
PrepareDeleteLinkInformation|DomainModelFile|DomainModelName1
PrepareDeleteLinkInformation|DomainModelFile|DomainModelFileName1
FetchLinkInformationFromRepository|DomainModelFile|DomainModelName1
FetchLinkInformationFromRepository|DomainModelFile|DomainModelFileName1
PrepareNodeDiscussionList|DomainModelFile|DomainModelName1
PrepareNodeDiscussionList|DomainModelFile|DomainModelFileName1
FetchAllNodeDiscussionsFromRepository|DomainModelFile|DomainModelName1
FetchAllNodeDiscussionsFromRepository|DomainModelFile|DomainModelFileName1
Reparent|ReparentNode|OldParentId
Reparent|ReparentNode|ChildId
Reparent|ReparentNode|NewParentId
ReparentInModel|ReparentNode|OldParentId
ReparentInModel|ReparentNode|ChildId
ReparentInModel|ReparentNode|NewParentId
AddNewDomainModel|DomainModel|DomainName
AddNewDomainModel|DomainModel|LayerName
AddNewDomainModel|DomainModel|NewDomainModelFileName
AddNewDomainModel|DomainModel|RootNodeDisplayName1
AddNewDomainModel|DomainModel|RootNodeUniqueName
AddNewDomainModel|DomainModel|AdminUserId
SaveModel|DomainModel|DomainName
SaveModel|DomainModel|LayerName
SaveModel|DomainModel|NewDomainModelFileName
SaveModel|DomainModel|RootNodeDisplayName1
SaveModel|DomainModel|RootNodeUniqueName
SaveModel|DomainModel|AdminUserId
CreateNewDomainModel|DomainModel|DomainName
CreateNewDomainModel|DomainModel|LayerName
CreateNewDomainModel|DomainModel|NewDomainModelFileName
CreateNewDomainModel|DomainModel|RootNodeDisplayName1
CreateNewDomainModel|DomainModel|RootNodeUniqueName
CreateNewDomainModel|DomainModel|AdminUserId
CreateNewDomainModelList|DomainModel|DomainName
CreateNewDomainModelList|DomainModel|LayerName
CreateNewDomainModelList|DomainModel|NewDomainModelFileName
CreateNewDomainModelList|DomainModel|RootNodeDisplayName1
CreateNewDomainModelList|DomainModel|RootNodeUniqueName
CreateNewDomainModelList|DomainModel|AdminUserId
ReadConfigFile|PlatformDetails|PlatformBasePath
ReadConfigFile|PlatformDetails|ActionPath
ReadConfigForUpdate|PlatformDetails|PlatformBasePath
ReadConfigForUpdate|PlatformDetails|ActionPath
ReadConfigFileForCompile|PlatformDetails|PlatformBasePath
ReadConfigFileForCompile|PlatformDetails|ActionPath
SaveModel|PlatformDetails|PlatformBasePath
SaveModel|PlatformDetails|ActionPath
SaveModelAfterUpdate|PlatformDetails|PlatformBasePath
SaveModelAfterUpdate|PlatformDetails|ActionPath
LoadModelForUpdate|PlatformDetails|PlatformBasePath
LoadModelForUpdate|PlatformDetails|ActionPath
LoadModel|PlatformDetails|PlatformBasePath
LoadModel|PlatformDetails|ActionPath
AddNewDomainModel|PlatformDetails|PlatformBasePath
AddNewDomainModel|PlatformDetails|ActionPath
PrepareNodeList|PlatformDetails|PlatformBasePath
PrepareNodeList|PlatformDetails|ActionPath
PrepareRoleNodeList|PlatformDetails|PlatformBasePath
PrepareRoleNodeList|PlatformDetails|ActionPath
PrepareChildNodeList|PlatformDetails|PlatformBasePath
PrepareChildNodeList|PlatformDetails|ActionPath
PrepareParentNodeList|PlatformDetails|PlatformBasePath
PrepareParentNodeList|PlatformDetails|ActionPath
PrepareCISLayoutInformation|PlatformDetails|PlatformBasePath
PrepareCISLayoutInformation|PlatformDetails|ActionPath
PrepareNodeInformation|PlatformDetails|PlatformBasePath
PrepareNodeInformation|PlatformDetails|ActionPath
PrepareDeleteLinkInformation|PlatformDetails|PlatformBasePath
PrepareDeleteLinkInformation|PlatformDetails|ActionPath
PrepareNodeDiscussionList|PlatformDetails|PlatformBasePath
PrepareNodeDiscussionList|PlatformDetails|ActionPath
LoadModel|ModelContext|ModelContent
LoadModelForUpdate|ModelContext|ModelContent
SaveModelAfterUpdate|ModelContext|ModelContent
AddNodeInModel|ModelContext|ModelContent
EditNodeInModel|ModelContext|ModelContent
DeleteNodeInModel|ModelContext|ModelContent
AddRoleInModel|ModelContext|ModelContent
EditRoleInModel|ModelContext|ModelContent
DeleteRoleInModel|ModelContext|ModelContent
AddReferenceInModel|ModelContext|ModelContent
EditReferenceInModel|ModelContext|ModelContent
DeleteReferenceInModel|ModelContext|ModelContent
AddDiscussionInModel|ModelContext|ModelContent
ReplyDiscussionInModel|ModelContext|ModelContent
DeleteDiscussionInModel|ModelContext|ModelContent
MoveNodeInModel|ModelContext|ModelContent
AddLinkInModel|ModelContext|ModelContent
EditLinkInModel|ModelContext|ModelContent
DeleteLinkInModel|ModelContext|ModelContent
LinkNodeToRoleInModel|ModelContext|ModelContent
RemoveRoleLinkFromNodeInModel|ModelContext|ModelContent
RemoveReferenceLinkFromNodeInModel|ModelContext|ModelContent
ReparentInModel|ModelContext|ModelContent
LinkNodeToReferenceInModel|ModelContext|ModelContent
SetModelAsDefault|ModelContext|ModelContent
ManageCISInformationInModel|ModelContext|ModelContent
SaveModel|ExceptionInformation|ExceptionDetails
ProvideDomainModelList|DomainModelListFile|DomainModelListContent
UpdateModel|UpdateModelResults|UpdateModelSuccess
UpdateModel|UpdateModelResults|UpdateModelExceptionDetails
ProvideNodeListToUI|NodeListInformation|NodeListContent
ProvideRoleNodeInformationToUI|RoleNodeListInformation|RoleNodeListContent
FetchAllRoleNodesFromRepository|RoleFilterContext|AllRoles
PrepareRoleNodeList|RoleFilterContext|AllRoles
FetchAllNodesFromTheRepository|NodeFilterContext|AllNodes
PrepareNodeList|NodeFilterContext|AllNodes
ProvideChildNodesToAuthoringToolUI|ChildNodeListInformation|ChildNodeListContent
FetchAllChildNodesFromRepository|ParentNodeInformation|ParentNodeName
PrepareChildNodeList|ParentNodeInformation|ParentNodeName
ProvideParentNodesToAuthoringToolUI|ParentNodeListInformation|ParentNodeListContent
FetchAllParentNodesFromRepository|ChildNodeInformation|ChildNodeName
PrepareParentNodeList|ChildNodeInformation|ChildNodeName
ProvideCISLayoutInformation|CISLayoutInformation|LayoutUIMLnew
ProvideCISLayoutInformation|CISLayoutInformation|HomeCISnew
FetchCISLayoutInformationFromRepository|CISNodeInformation|CISNodeDisplayName
PrepareCISLayoutInformation|CISNodeInformation|CISNodeDisplayName
PrepareNodeInformation|CISNodeInformation|CISNodeDisplayName
FetchNodeInformationFromRepository|CISNodeInformation|CISNodeDisplayName
FetchAllNodeDiscussionsFromRepository|CISNodeInformation|CISNodeDisplayName
PrepareNodeDiscussionList|CISNodeInformation|CISNodeDisplayName
FetchLinkInformationFromRepository|LinkInformation|LinkName
PrepareDeleteLinkInformation|LinkInformation|LinkName
ProvideNodeDiscussionInformationToUI|NodeDiscussionListInformation|NodeDiscussionListContent
AuthoringToolContextCluster|FeedbackInformation|ActionSuccess
AuthoringToolContextCluster|FeedbackInformation|FeedbackErrorMessage
ProvideOverlayUserAuthenticationResultToUI|FeedbackInformation|ActionSuccess
ProvideOverlayUserAuthenticationResultToUI|FeedbackInformation|FeedbackErrorMessage
AuthoringToolContextCluster|OverlayUserInformation|LoginName
AuthoringToolContextCluster|OverlayUserInformation|LoginPassword
AuthenticateOverlayUser|OverlayUserInformation|LoginName
AuthenticateOverlayUser|OverlayUserInformation|LoginPassword
ProvideOverlayUserAuthenticationResultToUI|OverlayUserInformation|LoginName
ProvideOverlayUserAuthenticationResultToUI|OverlayUserInformation|LoginPassword
AuthoringToolContextCluster|OverlayUserRepositoryInformation|RepositoryFileName
AuthoringToolContextCluster|OverlayUserRepositoryInformation|RepositoryFilePath
AuthenticateOverlayUser|OverlayUserRepositoryInformation|RepositoryFileName
AuthenticateOverlayUser|OverlayUserRepositoryInformation|RepositoryFilePath
FetchAllOverlayUsersFromTheRepository|OverlayUserRepositoryInformation|RepositoryFileName
FetchAllOverlayUsersFromTheRepository|OverlayUserRepositoryInformation|RepositoryFilePath
AuthoringToolContextCluster|OverlayUserListInformation|OverlayUserListContent
ProvideOverlayUserListInformationToUI|OverlayUserListInformation|OverlayUserListContent
