Id|UniqueName|DisplayName|UseForTree|CausalNodeName|AffectedNodeName|HasLogic|Version
{7d3ef76c-5709-4561-ac87-eaa60e2193f3}|UpdateModelToUlyssesProvidedOverlayAuthoringTool|Manage Domain Model --> Ulysses Provided Overlay Authoring Tool|1|UpdateModel|UlyssesProvidedOverlayAuthoringTool|0|0
{d63cfd72-ecd4-40b6-9f61-802745346896}|CompileModelToReadConfigFileForCompile|Compile Model --> Read Config File For Compile|1|CompileModel|ReadConfigFileForCompile|1|0
{bf09655d-3bd9-4a83-af81-e5022dd08023}|AddNodeToReadConfigForUpdate|Add Node --> Read Config For Update|1|AddNode|ReadConfigForUpdate|1|0
{0a3355b6-3489-40a8-b55b-d2ca1cd8ee26}|EditNodeToReadConfigForUpdate|Edit Node --> Read Config For Update|1|EditNode|ReadConfigForUpdate|1|0
{17f632be-24df-4525-8b96-6eb363de5282}|DeleteNodeToReadConfigForUpdate|Delete Node --> Read Config For Update|1|DeleteNode|ReadConfigForUpdate|1|0
{b99dec31-9ffa-45ad-8554-1a68cf34b5bb}|AddRoleToReadConfigForUpdate|Add Role --> Read Config For Update|1|AddRole|ReadConfigForUpdate|1|0
{8d384623-c49a-41ba-ba86-624c933edfd6}|EditRoleToReadConfigForUpdate|Edit Role --> Read Config For Update|1|EditRole|ReadConfigForUpdate|1|0
{b2774004-be3e-44cd-85fe-65c7d7c22d6b}|DeleteRoleToReadConfigForUpdate|Delete Role --> Read Config For Update|1|DeleteRole|ReadConfigForUpdate|1|0
{12b673bb-d0f3-44e9-9fa8-c78d4e794e21}|AddReferenceToReadConfigForUpdate|Add Reference --> Read Config For Update|1|AddReference|ReadConfigForUpdate|1|0
{0a7fb49d-f9ae-426a-8b4f-64fd8fd13094}|EditReferenceToReadConfigForUpdate|Edit Reference --> Read Config For Update|1|EditReference|ReadConfigForUpdate|1|0
{554aa03b-25d0-4713-8c38-8cb78bc08890}|DeleteReferenceToReadConfigForUpdate|Delete Reference --> Read Config For Update|1|DeleteReference|ReadConfigForUpdate|1|0
{1e43a701-4e95-46ef-bdfb-8483770ea0a2}|AddDiscussionToReadConfigForUpdate|Add Discussion --> Read Config For Update|1|AddDiscussion|ReadConfigForUpdate|1|0
{bba24de0-5504-4390-a10a-75502e95c17e}|ReplyDiscussionToReadConfigForUpdate|Reply Discussion --> Read Config For Update|1|ReplyDiscussion|ReadConfigForUpdate|1|0
{59542ae2-76de-48cb-9e63-e6880120880a}|DeleteDiscussionToReadConfigForUpdate|Delete Discussion --> Read Config For Update|1|DeleteDiscussion|ReadConfigForUpdate|1|0
{e5c9f2db-58d4-4c02-a0af-c6c97b595a78}|MoveNodeToReadConfigForUpdate|Move Node --> Read Config For Update|1|MoveNode|ReadConfigForUpdate|1|0
{21f4c2e6-575d-4524-853a-acf8663072a6}|AddLinkToReadConfigForUpdate|Add Link --> Read Config For Update|1|AddLink|ReadConfigForUpdate|1|0
{7aa71251-3eef-44a8-ba73-1e8ff15a9e9a}|EditLinkToReadConfigForUpdate|Edit Link --> Read Config For Update|1|EditLink|ReadConfigForUpdate|1|0
{cc73582c-2b23-4ffa-a102-1b888f1690a4}|DeleteLinkToReadConfigForUpdate|Delete Link --> Read Config For Update|1|DeleteLink|ReadConfigForUpdate|1|0
{7854f4c0-729f-494c-befe-59c3688fc228}|LinkNodeToRoleToReadConfigForUpdate|Link Node To Role --> Read Config For Update|1|LinkNodeToRole|ReadConfigForUpdate|1|0
{edc7e6e9-dcbc-4970-99e2-7d27f526f1af}|LinkNodeToReferenceToReadConfigForUpdate|Link Node To Reference --> Read Config For Update|1|LinkNodeToReference|ReadConfigForUpdate|1|0
{311fcd31-dbb3-440c-81f6-91919cd77010}|DomainNodeToAddNode|Domain Node --> Add Node|1|DomainNode|AddNode|0|0
{10f7988a-2001-40cf-a7ee-6dfa84111054}|DisplayNameToDomainNode|Display Name --> Domain Node|1|DisplayName|DomainNode|0|0
{4520d959-b5c7-4b97-b594-7f94c649f361}|UniqueNameToDomainNode|Unique Name --> Domain Node|1|UniqueName|DomainNode|0|0
{5d242342-1939-48b4-9aeb-89766e1443f8}|GoalToDomainNode|Goal --> Domain Node|1|Goal|DomainNode|0|0
{e997d30a-7875-4375-aeab-b0e1828e0b40}|AlertLevelChangesToDomainNode|Alert Level Changes --> Domain Node|1|AlertLevelChanges|DomainNode|0|0
{cfa454e3-fb1f-4d4d-a43d-1951f226ac84}|ContextGuidelinesToDomainNode|Context Guidelines --> Domain Node|1|ContextGuidelines|DomainNode|0|0
{dba2645e-b283-447d-9484-62a980200265}|NotesForEndUserToDomainNode|Notes For End User --> Domain Node|1|NotesForEndUser|DomainNode|0|0
{85a84b6b-98df-4501-a1f1-a4dd6f1441ba}|NodeDetailsByDomainExpertToDomainNode|Node Details By Domain Expert --> Domain Node|1|NodeDetailsByDomainExpert|DomainNode|0|0
{9957183a-0cd9-4db1-8817-89cd69759774}|NodeDetailsByModelIntegratorToDomainNode|Node Details By Model Integrator --> Domain Node|1|NodeDetailsByModelIntegrator|DomainNode|0|0
{e1967ff7-c261-4038-8818-7d6ea36facba}|SelectNodeToDeleteNode|Select Node --> Delete Node|1|SelectNode|DeleteNode|0|0
{6c14ef5a-26dc-412c-8b69-e9379b4f48a6}|DisplayName1ToSelectNode|Display Name --> Select Node|1|DisplayName1|SelectNode|0|0
{68b6f42e-d707-46c8-b6e6-03c1f97a9ba9}|EditOverlayRoleToEditRole|Edit Overlay Role --> Edit Role|1|EditOverlayRole|EditRole|0|0
{f9cf5165-c077-4a2f-b596-d4e7246309d3}|RoleName1ToEditOverlayRole|Role Name --> Edit Overlay Role|1|RoleName1|EditOverlayRole|0|0
{596b7a62-ab42-40f8-8177-9de83ae09056}|SelectOverlayRoleToDeleteRole|Select Overlay Role --> Delete Role|1|SelectOverlayRole|DeleteRole|0|0
{72d4e5b9-f20d-4368-8e31-ceb9551afeaf}|RoleName2ToSelectOverlayRole|Role Name --> Select Overlay Role|1|RoleName2|SelectOverlayRole|0|0
{69071f01-16d5-494c-b796-0c160da9142c}|FileName1ToEditOverlayReference|File Name --> Edit Overlay Reference|1|FileName1|EditOverlayReference|0|0
{6419db96-1dda-4d37-8732-99cb62f54383}|EditOverlayReferenceToEditReference|Edit Overlay Reference --> Edit Reference|1|EditOverlayReference|EditReference|0|0
{b25d8c79-1ad2-4843-889a-980a0906f699}|IsGAC1ToEditOverlayReference|Is GAC --> Edit Overlay Reference|1|IsGAC1|EditOverlayReference|0|0
{17ccf01d-3308-45b4-9a0b-bd1fdfd7436d}|SelectOverlayReferenceToDeleteReference|Select Overlay Reference --> Delete Reference|1|SelectOverlayReference|DeleteReference|0|0
{8d8902a5-bf07-416c-bec3-c9a4ec90ad19}|FileName2ToSelectOverlayReference|File Name --> Select Overlay Reference|1|FileName2|SelectOverlayReference|0|0
{50db3941-a3a7-4627-884e-d261fd2ec769}|SelectNodeToAddDiscussion|Select Node --> Add Discussion|0|SelectNode|AddDiscussion|0|0
{646dbbd0-beab-4862-a861-60762400584b}|SelectNodeToReplyDiscussion|Select Node --> Reply Discussion|0|SelectNode|ReplyDiscussion|0|0
{be940d80-e60b-4c1a-93fe-576f87f676ae}|SelectNodeToDeleteDiscussion|Select Node --> Delete Discussion|0|SelectNode|DeleteDiscussion|0|0
{4a5603db-448f-4c43-b409-80ce4fd49ce8}|SelectNodeToLinkNodeToRole|Select Node --> Link Node To Role|0|SelectNode|LinkNodeToRole|0|0
{9b01473c-c37d-4611-bf59-6f463ef3ef43}|SelectNodeToLinkNodeToReference|Select Node --> Link Node To Reference|0|SelectNode|LinkNodeToReference|0|0
{29bf76aa-be83-45ea-b742-ff7600e8f47a}|SelectOverlayRoleToLinkNodeToRole|Select Overlay Role --> Link Node To Role|0|SelectOverlayRole|LinkNodeToRole|0|0
{4e32845c-cd23-4a4a-9f39-3cfa12866e30}|CommentToAddDiscussion|Comment --> Add Discussion|1|Comment|AddDiscussion|0|0
{ddc0a434-e88e-46d0-9dfa-4b6e48f2be8f}|TitleToComment|Title --> Comment|1|Title|Comment|0|0
{60cadae9-764d-4928-9090-d1a0adb2995e}|AuthorToComment|Author --> Comment|1|Author|Comment|0|0
{20306d9a-b1ae-4e16-9c18-408713a32732}|RoleToComment|Role --> Comment|1|Role|Comment|0|0
{a2f73f0f-3cba-4558-aada-b1a6145f0062}|DateToComment|Date --> Comment|1|Date|Comment|0|0
{a0e543c6-6c9e-4673-8b2b-5fe3f351776b}|CommentDetailsToComment|Comment Details --> Comment|1|CommentDetails|Comment|0|0
{40b5a6e9-d385-4f67-9b93-04e8d036d6c4}|SelectCommentToDeleteDiscussion|Select Comment --> Delete Discussion|1|SelectComment|DeleteDiscussion|0|0
{ec2481ea-72c2-4eff-abb8-265c379e3960}|CommentTitleToSelectComment|Comment Title --> Select Comment|1|CommentTitle|SelectComment|0|0
{c8d5a6e3-7fae-4521-91f0-a5107308df53}|CommentToReplyDiscussion|Comment --> Reply Discussion|0|Comment|ReplyDiscussion|0|0
{f5b6e8c6-ec53-4d63-8465-2b373fc09b22}|SelectSourceNodeToMoveNode|Select Source Node --> Move Node|1|SelectSourceNode|MoveNode|0|0
{16079e17-8683-40fb-9be9-929ac5ba4198}|SelectTargetNodeToMoveNode|Select Target Node --> Move Node|1|SelectTargetNode|MoveNode|0|0
{34be81bc-42a2-4a4b-a78c-0b2dffb97c17}|SourceNodeDisplayNameToSelectSourceNode|Source Node Display Name --> Select Source Node|1|SourceNodeDisplayName|SelectSourceNode|0|0
{78833ac2-302b-4299-89b2-69ca93d8ef4d}|TargetNodeDisplayNameToSelectTargetNode|Target Node Display Name --> Select Target Node|1|TargetNodeDisplayName|SelectTargetNode|0|0
{9fcf5d0d-c7c1-4589-8570-d941a12f327a}|SelectLinkToDeleteLink|Select Link --> Delete Link|1|SelectLink|DeleteLink|0|0
{2f9bdda3-ec89-4fda-b3a7-05ae20bd9e86}|DisplayName5ToSelectLink|Display Name --> Select Link|1|DisplayName5|SelectLink|0|0
{28c38d50-eab7-444a-9166-9fbe3083576c}|SelectOverlayReferenceToLinkNodeToReference|Select Overlay Reference --> Link Node To Reference|0|SelectOverlayReference|LinkNodeToReference|0|0
{70840ee8-7b51-4b59-ab56-32d6d8533426}|SelectParentNodeToAddLink|Select Parent Node --> Add Link|1|SelectParentNode|AddLink|0|0
{fa864609-67eb-459a-a3d3-734aa4b7bd90}|DisplayName3ToSelectParentNode|Display Name --> Select Parent Node|1|DisplayName3|SelectParentNode|0|0
{6632d26b-0cbc-4088-82d5-26986e0792e3}|SelectLinkToEditLink|Select Link --> Edit Link|0|SelectLink|EditLink|0|0
{9538a946-32f4-4596-a987-2243f4d1eaa2}|SelectNodeToAddNode|Select Node --> Add Node|0|SelectNode|AddNode|0|0
{7727d442-de88-4697-8b04-0595e6096a7c}|SelectNodeForEditToEditNode|Select Node For Edit --> Edit Node|1|SelectNodeForEdit|EditNode|0|0
{dac7daf0-d7ef-45aa-b6fa-f17475162fed}|DisplayName2ToSelectNodeForEdit|Display Name --> Select Node For Edit|1|DisplayName2|SelectNodeForEdit|0|0
{84d717a6-4c8c-47c8-b4b9-ee7e2c95d7ae}|UniqueName1ToSelectNodeForEdit|Unique Name --> Select Node For Edit|1|UniqueName1|SelectNodeForEdit|0|0
{a13c901f-8b54-4c96-8caa-2106a2e2aad3}|Goal1ToSelectNodeForEdit|Goal --> Select Node For Edit|1|Goal1|SelectNodeForEdit|0|0
{d9c05b83-6cdf-4990-a947-63b9811be748}|AlertLevelChanges1ToSelectNodeForEdit|Alert Level Changes --> Select Node For Edit|1|AlertLevelChanges1|SelectNodeForEdit|0|0
{998540a1-19bb-49ed-91a2-a5374743cc1c}|ContextGuidelines1ToSelectNodeForEdit|Context Guidelines --> Select Node For Edit|1|ContextGuidelines1|SelectNodeForEdit|0|0
{e31655fe-538d-48d2-92ce-b48ede68a72a}|NotesForEndUser1ToSelectNodeForEdit|Notes For End User --> Select Node For Edit|1|NotesForEndUser1|SelectNodeForEdit|0|0
{d281b5e8-c0bb-48f1-a6d8-96398acc54e7}|NodeDetailsByDomainExpert1ToSelectNodeForEdit|Node Details By Domain Expert --> Select Node For Edit|1|NodeDetailsByDomainExpert1|SelectNodeForEdit|0|0
{37bef689-35f7-4fb0-ba93-d6f297a3aec5}|NodeDetailsByModelIntegrator1ToSelectNodeForEdit|Node Details By Model Integrator --> Select Node For Edit|1|NodeDetailsByModelIntegrator1|SelectNodeForEdit|0|0
{7803a47d-d410-42b0-b7d9-d596586be344}|AddOverlayRoleToAddRole|Add Overlay Role --> Add Role|1|AddOverlayRole|AddRole|0|0
{0431e58d-c779-4f68-ad7f-8278d8fc46cb}|RoleNameToAddOverlayRole|Role Name --> Add Overlay Role|1|RoleName|AddOverlayRole|0|0
{a6e81983-4acd-4e83-9af6-e9c1a7f88b4b}|RoleDescriptionToAddOverlayRole|Role Description --> Add Overlay Role|1|RoleDescription|AddOverlayRole|0|0
{7421b715-5be1-46c5-91e8-5aa343af15aa}|RoleDescription1ToEditOverlayRole|Role Description --> Edit Overlay Role|1|RoleDescription1|EditOverlayRole|0|0
{8cd5f1ef-77e4-48b2-aa09-9e65c273993e}|DomainNodeToEditNode|Domain Node --> Edit Node|0|DomainNode|EditNode|0|0
{95d7fc92-bb3e-415f-bb96-32a0be9b033c}|AddOverlayRoleToEditRole|Add Overlay Role --> Edit Role|0|AddOverlayRole|EditRole|0|0
{dfe79835-1365-44e3-8ee1-8ae83f3425e0}|ReplyCommentToReplyDiscussion|Reply Comment --> Reply Discussion|1|ReplyComment|ReplyDiscussion|0|0
{b28b39be-14e1-432e-800a-0baa2a52d2a9}|ReplyTitleToReplyComment|Reply Title --> Reply Comment|1|ReplyTitle|ReplyComment|0|0
{7a860088-7dd7-4960-99b4-234d7018a1ec}|ReplyAuthorToReplyComment|Reply Author --> Reply Comment|1|ReplyAuthor|ReplyComment|0|0
{aebf70e9-53ce-4acb-9185-16249a90ba26}|ReplyRoleToReplyComment|Reply Role --> Reply Comment|1|ReplyRole|ReplyComment|0|0
{110125c8-97ac-4d99-958f-f1a985a1366e}|ReplyDateToReplyComment|Reply Date --> Reply Comment|1|ReplyDate|ReplyComment|0|0
{70f5fe36-1210-432e-b79e-f76055c32d5a}|ReplyCommentDetailsToReplyComment|Reply Comment Details --> Reply Comment|1|ReplyCommentDetails|ReplyComment|0|0
{275bb2fd-8b27-4665-aa76-2ca11e47664e}|ReplyParentCommentIdToReplyComment|Reply Parent Comment Id --> Reply Comment|1|ReplyParentCommentId|ReplyComment|0|0
{9fcfa5b7-e186-48a8-900b-8598c42b160b}|AddOverlayReferenceToAddReference|Add Overlay Reference --> Add Reference|1|AddOverlayReference|AddReference|0|0
{bf914b91-a550-4414-8116-1d5d98f2291a}|FileNameToAddOverlayReference|File Name --> Add Overlay Reference|1|FileName|AddOverlayReference|0|0
{e487b5fc-e1ff-48ae-90ec-b69f5276af30}|IsGACToAddOverlayReference|Is GAC --> Add Overlay Reference|1|IsGAC|AddOverlayReference|0|0
{aa292ec1-d303-4b53-bae2-ea9e5aedc280}|IsGAC2ToSelectOverlayReference|Is GAC --> Select Overlay Reference|1|IsGAC2|SelectOverlayReference|0|0
{38b1da3f-401f-45b3-bf49-784e87a0d518}|AddOverlayReferenceToEditReference|Add Overlay Reference --> Edit Reference|0|AddOverlayReference|EditReference|0|0
{62d36d18-67d5-486b-90c8-977ce8c4603e}|SelectDirectionToMoveNode|Select Direction --> Move Node|1|SelectDirection|MoveNode|0|0
{8cab1ed5-a082-48fd-9726-4c4881f846b8}|DirectionToSelectDirection|Direction in which the node should be moved --> Select Direction|1|Direction|SelectDirection|0|0
{ec3880ec-82c7-4b86-8713-d44bb869e080}|SourceNodeUniqueNameToSelectSourceNode|Source Node Unique Name --> Select Source Node|1|SourceNodeUniqueName|SelectSourceNode|0|0
{a65551b9-38bd-4a1c-971f-8923e29ade9c}|TargetNodeUniqueNameToSelectTargetNode|Target Node Unique Name --> Select Target Node|1|TargetNodeUniqueName|SelectTargetNode|0|0
{7b88f2b3-b39b-47b3-b31b-f411468c64df}|RemoveRoleLinkFromNodeToReadConfigForUpdate|Remove Role Link From Node --> Read Config For Update|1|RemoveRoleLinkFromNode|ReadConfigForUpdate|1|0
{582dcd8d-58b1-4a39-9b6d-060163700466}|SelectNodeToRemoveRoleLinkFromNode|Select Node --> Remove Role Link From Node|0|SelectNode|RemoveRoleLinkFromNode|0|0
{03ab7862-b42e-4d22-9ebe-24e775546224}|SelectOverlayRoleToRemoveRoleLinkFromNode|Select Overlay Role --> Remove Role Link From Node|0|SelectOverlayRole|RemoveRoleLinkFromNode|0|0
{81f9bebf-610e-47a5-aba3-21c0b46647bb}|SelectChildNodeToAddLink|Select Child Node --> Add Link|1|SelectChildNode|AddLink|0|0
{ab6232c8-baa6-42cf-890f-7cd213d1935b}|DisplayName4ToSelectChildNode|Display Name --> Select Child Node|1|DisplayName4|SelectChildNode|0|0
{a7aac87f-f088-42c3-ad8d-7fa33d6fe4ba}|EditOverlayLinkToEditLink|Edit Overlay Link --> Edit Link|1|EditOverlayLink|EditLink|0|0
{607e71c5-6180-405e-a144-d50154943cfe}|LinkScriptToEditOverlayLink|Link Script --> Edit Overlay Link|1|LinkScript|EditOverlayLink|0|0
{b553d2dc-152c-4439-b947-655f528beb69}|ScriptingLanguageToEditOverlayLink|Scripting Language --> Edit Overlay Link|1|ScriptingLanguage|EditOverlayLink|0|0
{daff9278-15da-4456-81ef-b8a07b587493}|RemoveReferenceLinkFromNodeToReadConfigForUpdate|Remove Reference Link From Node --> Read Config For Update|1|RemoveReferenceLinkFromNode|ReadConfigForUpdate|1|0
{0aecdd7c-ea29-4cd4-be0c-869357655370}|SelectNodeToRemoveReferenceLinkFromNode|Select Node --> Remove Reference Link From Node|0|SelectNode|RemoveReferenceLinkFromNode|0|0
{b7e1058d-ca62-41f4-91dd-18089f477e2b}|SelectOverlayReferenceToRemoveReferenceLinkFromNode|Select Overlay Reference --> Remove Reference Link From Node|0|SelectOverlayReference|RemoveReferenceLinkFromNode|0|0
{c4972cc0-cf49-4e08-848f-eea7dd469a4f}|NodeScriptToDomainNode|Node Script --> Domain Node|1|NodeScript|DomainNode|0|0
{c57e3d61-347c-414f-9154-5847a7ced5fe}|NodeScriptLanguageToDomainNode|Node Script Language --> Domain Node|1|NodeScriptLanguage|DomainNode|0|0
{467c2e81-3e1f-4cdc-ba98-8e6c5cc92090}|NodeScript1ToSelectNodeForEdit|Node Script --> Select Node For Edit|1|NodeScript1|SelectNodeForEdit|0|0
{356ae70b-dd0c-4f24-9f05-e0fd0f416ba2}|NodeScriptLanguage1ToSelectNodeForEdit|Node Script Language --> Select Node For Edit|1|NodeScriptLanguage1|SelectNodeForEdit|0|0
{f4d8d48a-1777-462b-890e-5e6715cf569a}|SelectTargetPathToCompileModel|Select path to save the new build --> Compile Model|1|SelectTargetPath|CompileModel|0|0
{83f8d417-deaa-419b-9ba9-2ebdc84b0e9c}|TargetPathToSelectTargetPath|Target Path --> Select path to save the new build|1|TargetPath|SelectTargetPath|0|0
{0236f34c-f19f-441f-a9dd-1eb72493c1b4}|ProvideRootNodeToAuthoringToolUIToPredictivePatternCluster|Provide Root Node To Authoring Tool U I --> Authoring Tool Predictive Pattern Cluster|1|ProvideRootNodeToAuthoringToolUI|PredictivePatternCluster|0|0
{188b8f8d-48fc-4e12-9231-62009f9fbab1}|ProvideChildNodesToAuthoringToolUIToPredictivePatternCluster|Provide Child Nodes To Authoring Tool U I --> Authoring Tool Predictive Pattern Cluster|1|ProvideChildNodesToAuthoringToolUI|PredictivePatternCluster|0|0
{265a42f7-ce23-4a07-b2d9-9e60a6e3f756}|RootNodeToGetRootNode|Root Node --> Get Root Node|1|RootNode|GetRootNode|0|0
{607d8e3f-01d6-4c40-914e-13f3e3ab2689}|RootNodeDisplayNameToRootNode|Root Node Display Name --> Root Node|1|RootNodeDisplayName|RootNode|0|0
{8fd1b0a9-80aa-4a99-9dbc-a472957f3f9e}|ProvideParentNodesToAuthoringToolUIToPredictivePatternCluster|Provide Parent Nodes To Authoring Tool U I --> Authoring Tool Predictive Pattern Cluster|1|ProvideParentNodesToAuthoringToolUI|PredictivePatternCluster|0|0
{120e0cc8-a84c-42ff-b03f-72582dd994f8}|LinkScript1ToSelectLink|Link Script --> Select Link|1|LinkScript1|SelectLink|0|0
{6bb9ecac-42af-4339-8e1d-fa60d608e1c5}|AuthoringToolCISClusterToUlyssesProvidedOverlayAuthoringTool|Authoring Tool CIS Cluster --> Ulysses Provided Overlay Authoring Tool|1|AuthoringToolCISCluster|UlyssesProvidedOverlayAuthoringTool|0|0
{3a1df1f1-60ed-404e-846e-b0881959e67f}|MainDashboardNewCISControllerToAuthoringToolCISCluster|Design CIS for Main Dashboard aka Authoring Tool --> Authoring Tool CIS Cluster|1|MainDashboardNewCISController|AuthoringToolCISCluster|0|0
{c1b11a05-b543-426d-b0b9-2117f3798558}|MainDashboardNewToolbarRegionCISToMainDashboardNewCISController|The Toolbar Region at top --> Design CIS for Main Dashboard aka Authoring Tool|1|MainDashboardNewToolbarRegionCIS|MainDashboardNewCISController|0|0
{9f2207f7-f3f6-4cf3-9a08-270a182250a6}|DomainNodeViewNewRegionCISToMainDashboardNewCISController|Model representation at left side using Tree View --> Design CIS for Main Dashboard aka Authoring Tool|1|DomainNodeViewNewRegionCIS|MainDashboardNewCISController|0|0
{27efc4cd-8c33-4cd4-ab20-794d80434524}|NodeInformationNewRegionCISToMainDashboardNewCISController|Right side region displaying information about selected Node --> Design CIS for Main Dashboard aka Authoring Tool|1|NodeInformationNewRegionCIS|MainDashboardNewCISController|0|0
{d091a82c-1aeb-4e80-ad6c-cabe94f55535}|MainDashboardNewResourcesToMainDashboardNewCISController|Common resources used in Authoring Tool CIS --> Design CIS for Main Dashboard aka Authoring Tool|1|MainDashboardNewResources|MainDashboardNewCISController|0|0
{939aeef4-382d-40a5-ba45-dc4bde0447d9}|TreeListOperationFindNodeByTextToMainDashboardNewCISController|Define operation to find node by text in Tree View --> Design CIS for Main Dashboard aka Authoring Tool|1|TreeListOperationFindNodeByText|MainDashboardNewCISController|0|0
{06a5ab0b-bc1a-41c3-b0c3-794557f9703a}|AddRolesCISControllerToAuthoringToolCISCluster|Design CIS for Adding New Roles --> Authoring Tool CIS Cluster|1|AddRolesCISController|AuthoringToolCISCluster|0|0
{8a2cebe2-de06-469e-8647-60175df751bf}|AddRolesRegionCISToAddRolesCISController|CIS for Adding a new Role will have a single Region --> Design CIS for Adding New Roles|1|AddRolesRegionCIS|AddRolesCISController|0|0
{b95591e9-e3e9-438c-a6d9-56664ecb44a8}|AddNewRoleResourcesToAddRolesCISController|Common resources used in CIS for adding role --> Design CIS for Adding New Roles|1|AddNewRoleResources|AddRolesCISController|0|0
{9ff3ccb1-2374-4d28-b7e1-7ca51a70f028}|AssignRolesToNodeCISControllerToAuthoringToolCISCluster|Design CIS for Assigning Role to Nodes --> Authoring Tool CIS Cluster|1|AssignRolesToNodeCISController|AuthoringToolCISCluster|0|0
{621f9fd4-0bae-4d9a-8584-59eee61b3b35}|AssignRolesToNodeRegionCISToAssignRolesToNodeCISController|CIS for Assigning Role to Nodes will have a single Region --> Design CIS for Assigning Role to Nodes|1|AssignRolesToNodeRegionCIS|AssignRolesToNodeCISController|0|0
{2af7b3e1-105f-4db9-99fd-c60f5d796816}|AssignRolesToNodeResourcesToAssignRolesToNodeCISController|Common resources used in CIS for Assigning Role to Nodes --> Design CIS for Assigning Role to Nodes|1|AssignRolesToNodeResources|AssignRolesToNodeCISController|0|0
{771bb4d6-3291-4485-8589-f23690b20cd6}|EditRoleCISControllerToAuthoringToolCISCluster|Design CIS to Edit Roles --> Authoring Tool CIS Cluster|1|EditRoleCISController|AuthoringToolCISCluster|0|0
{170f0671-4a5a-46a8-80a3-a3d953baef87}|EditRoleRegionCISToEditRoleCISController|CIS to Edit Roles will have a single Region --> Design CIS to Edit Roles|1|EditRoleRegionCIS|EditRoleCISController|0|0
{c869e620-6e06-4c7e-84ca-3a738251bb7c}|EditRoleResourcesToEditRoleCISController|Common resources used in CIS to Edit Roles --> Design CIS to Edit Roles|1|EditRoleResources|EditRoleCISController|0|0
{91ab8fe4-4a1a-4312-ae8f-91f3aa12133d}|LinkNodesCISControllerToAuthoringToolCISCluster|Design CIS for Managing Affecting and Causal Links of a Node --> Authoring Tool CIS Cluster|1|LinkNodesCISController|AuthoringToolCISCluster|0|0
{1190b7fd-42f9-4609-8a08-a0d5c80852b5}|LinkNodesCISRegionToLinkNodesCISController|CIS for Managing Affecting and Causal Links of a Node will have a single region --> Design CIS for Managing Affecting and Causal Links of a Node|1|LinkNodesCISRegion|LinkNodesCISController|0|0
{51ace763-2cbd-4568-a94a-78fcfdfc7300}|LinkNodesResourcesToLinkNodesCISController|Common resources used in CIS for Managing Affecting and Causal Links of a Node --> Design CIS for Managing Affecting and Causal Links of a Node|1|LinkNodesResources|LinkNodesCISController|0|0
{8ee9d8fc-76c2-46d9-931c-259981012b4f}|NodeDiscussionCISControllerToAuthoringToolCISCluster|Design CIS for Discussions of a Node --> Authoring Tool CIS Cluster|1|NodeDiscussionCISController|AuthoringToolCISCluster|0|0
{acd2cb1d-e98f-4493-8795-f3264160b81e}|NodeDiscussionRegionCISToNodeDiscussionCISController|Node Discussion CIS will have a single region --> Design CIS for Discussions of a Node|1|NodeDiscussionRegionCIS|NodeDiscussionCISController|0|0
{52d83ae6-c0c7-4dca-beed-5c885f5b56a6}|NodeDiscussionResourcesToNodeDiscussionCISController|Common resources used in CIS for managing Discussion about a Node --> Design CIS for Discussions of a Node|1|NodeDiscussionResources|NodeDiscussionCISController|0|0
{049ed5c1-d7d2-4476-9ac6-04c3d8b73fe0}|RolesCISControllerToAuthoringToolCISCluster|Design CIS for Managing Roles --> Authoring Tool CIS Cluster|1|RolesCISController|AuthoringToolCISCluster|0|0
{96430962-86e3-4e60-9c0d-371cc306f3e6}|RolesRegionCISToRolesCISController|CIS for Managing Roles will have a single Region --> Design CIS for Managing Roles|1|RolesRegionCIS|RolesCISController|0|0
{c4bd8e18-8e99-4c0e-a024-57e9fe95ef81}|RoleResourcesToRolesCISController|Common resources used in CIS for Managing Roles --> Design CIS for Managing Roles|1|RoleResources|RolesCISController|0|0
{5b7d44d0-05af-4a04-8f6c-182b42f867bd}|NodeTypeToDomainNode|Node Type --> Domain Node|1|NodeType|DomainNode|0|0
{ab49933f-71f4-494d-868c-e36ea603a6b2}|NodeType1ToSelectNodeForEdit|Node Type --> Select Node For Edit|1|NodeType1|SelectNodeForEdit|0|0
{0fa50499-79ff-4d61-9939-e6795eaeea3b}|RootNodeTypeToRootNode|Root Node Type --> Root Node|1|RootNodeType|RootNode|0|0
{9076d47d-9c9c-4329-9c41-8b4559c5131a}|ManageCISLayoutInformationToReadConfigForUpdate|Manage CIS Layout Information --> Read Config For Update|1|ManageCISLayoutInformation|ReadConfigForUpdate|1|0
{a5e5da06-d33c-4079-b08c-1db0cd08baaa}|CISLayoutToManageCISLayoutInformation|CIS Layout --> Manage CIS Layout Information|1|CISLayout|ManageCISLayoutInformation|0|0
{60814fab-1fd9-43fa-b996-fbad5d8d09db}|HomeCIS1ToCISLayout|Home CIS --> CIS Layout|1|HomeCIS1|CISLayout|0|0
{6ed182b6-ea71-4c42-ba76-98ae8333c6ef}|LayoutUIML1ToCISLayout|Layout UIML --> CIS Layout|1|LayoutUIML1|CISLayout|0|0
{906499b4-41f4-42e1-862f-7b6f8bc59955}|ProvideCISLayoutInformationToPredictivePatternCluster|Provide CIS Layout Information --> Authoring Tool Predictive Pattern Cluster|1|ProvideCISLayoutInformation|PredictivePatternCluster|0|0
{921259f8-1a3e-4e18-a915-7f30ccbe2188}|CISNodeIdToCISLayout|CIS Node Id --> CIS Layout|1|CISNodeId|CISLayout|0|0
{de295a6f-e4cc-4454-a808-ed80ac6775d7}|AssignNodesToRoleCISControllerToAuthoringToolCISCluster|Design CIS for Assigning Nodes To a Role --> Authoring Tool CIS Cluster|1|AssignNodesToRoleCISController|AuthoringToolCISCluster|0|0
{89480cd3-7e81-442d-9d05-0623b7b0124f}|AssignNodesToRoleRegionCISToAssignNodesToRoleCISController|CIS for Assigning Nodes To a Role will have a single Region --> Design CIS for Assigning Nodes To a Role|1|AssignNodesToRoleRegionCIS|AssignNodesToRoleCISController|0|0
{30802026-9811-4b98-a595-bec7e1228088}|AssigningNodesToRoleResourcesToAssignNodesToRoleCISController|Common resources used in CIS for Assigning Nodes to Role --> Design CIS for Assigning Nodes To a Role|1|AssigningNodesToRoleResources|AssignNodesToRoleCISController|0|0
{5f1b8c1e-2a1d-4c98-a390-2b19aa800234}|NodeDiscussionEditCISControllerToAuthoringToolCISCluster|Design CIS for Editing Node Discussion --> Authoring Tool CIS Cluster|1|NodeDiscussionEditCISController|AuthoringToolCISCluster|0|0
{7990f877-05be-4f66-a450-1c021b597425}|NodeDiscussionEditRegionCISToNodeDiscussionEditCISController|Node Discussion Editing CIS will have a single region --> Design CIS for Editing Node Discussion|1|NodeDiscussionEditRegionCIS|NodeDiscussionEditCISController|0|0
{026fc917-6803-4c9c-950d-0bb6bb4d9c51}|NodeDiscussionEditResourcesToNodeDiscussionEditCISController|Common resources used in CIS for editing Discussion about a Node --> Design CIS for Editing Node Discussion|1|NodeDiscussionEditResources|NodeDiscussionEditCISController|0|0
{1376ee3b-3337-46a2-a74e-dae1037c7c93}|NodeDiscussionViewCISControllerToAuthoringToolCISCluster|Design CIS for Viewing Node Discussion --> Authoring Tool CIS Cluster|1|NodeDiscussionViewCISController|AuthoringToolCISCluster|0|0
{2e0a269c-5d83-460c-b632-53738f3162d1}|NodeDiscussionViewRegionCISToNodeDiscussionViewCISController|Node Discussion Viewing CIS will have a single region --> Design CIS for Viewing Node Discussion|1|NodeDiscussionViewRegionCIS|NodeDiscussionViewCISController|0|0
{d8223d0e-242d-4954-8886-423cf1921fc7}|NodeDiscussionViewResourcesToNodeDiscussionViewCISController|Common resources used in CIS for Viewing Discussion about a Node --> Design CIS for Viewing Node Discussion|1|NodeDiscussionViewResources|NodeDiscussionViewCISController|0|0
{4a95763f-4d2b-4da3-afc6-795d5a801660}|ManageCISInformationCISControllerToAuthoringToolCISCluster|Design CIS for Managing CIS Layout Information --> Authoring Tool CIS Cluster|1|ManageCISInformationCISController|AuthoringToolCISCluster|0|0
{380a18a5-917e-42cf-85ae-83857b806b67}|ManageCISInformationRegionCISToManageCISInformationCISController|CIS Layout Information CIS will have a single region --> Design CIS for Managing CIS Layout Information|1|ManageCISInformationRegionCIS|ManageCISInformationCISController|0|0
{7995aaef-a0ef-4224-ab27-0dba854b74f0}|ManagingCISLayoutResourcesToManageCISInformationCISController|Common resources used in CIS for managing CIS Layout --> Design CIS for Managing CIS Layout Information|1|ManagingCISLayoutResources|ManageCISInformationCISController|0|0
{5917e550-19de-4af0-afe8-872ceab36d17}|LoadSelectedDomainModelForAuthoringToReadConfigFile|Load Selected Domain Model for Authoring --> Read Config File|1|LoadSelectedDomainModelForAuthoring|ReadConfigFile|1|0
{6871db88-6900-4c20-b572-1c4d2e0f8d3d}|DomainModelFileToLoadSelectedDomainModelForAuthoring|Domain Model File --> Load Selected Domain Model for Authoring|1|DomainModelFile|LoadSelectedDomainModelForAuthoring|0|0
{3871fc23-1e77-4efd-a5f3-c6ca839b0ee3}|DomainModelName1ToDomainModelFile|Domain Model Name --> Domain Model File|1|DomainModelName1|DomainModelFile|0|0
{28f17caf-a423-4a10-8950-1abcab9ef186}|DomainModelFileName1ToDomainModelFile|Domain Model File Name --> Domain Model File|1|DomainModelFileName1|DomainModelFile|0|0
{2fe4bf11-7706-49eb-a20c-3a81e76f0729}|NodeTagToDomainNode|Node Tag --> Domain Node|1|NodeTag|DomainNode|0|0
{9d04ea66-0115-4a2f-a2db-d096ef802c8f}|NodeTag1ToSelectNodeForEdit|Node Tag --> Select Node For Edit|1|NodeTag1|SelectNodeForEdit|0|0
{ebfdf760-ecc7-4312-b955-68ba501e8cdb}|OverlayEnterpriseServerToUlyssesProvidedOverlayAuthoringTool|Overlay Enterprise Server --> Ulysses Provided Overlay Authoring Tool|1|OverlayEnterpriseServer|UlyssesProvidedOverlayAuthoringTool|0|0
{417a80e1-340e-41d6-8a86-2e7ea919f59c}|ProvideListOfAvailableDomainModelsOnServerToOverlayEnterpriseServer|Provide list of available domain models on server --> Overlay Enterprise Server|1|ProvideListOfAvailableDomainModelsOnServer|OverlayEnterpriseServer|0|0
{4d428a70-02fe-4270-9e2d-f17c1a301f80}|ProvideListOfMainLineDomainModelsToProvideListOfAvailableDomainModelsOnServer|Provide list of main line domain models --> Provide list of available domain models on server|1|ProvideListOfMainLineDomainModels|ProvideListOfAvailableDomainModelsOnServer|0|0
{a3760d20-8b61-452b-a750-5bfeb3e761c8}|ProvideListOfUserSpecificCheckedOutDomainModelsToProvideListOfAvailableDomainModelsOnServer|Provide list of user specific checked out domain models  --> Provide list of available domain models on server|1|ProvideListOfUserSpecificCheckedOutDomainModels|ProvideListOfAvailableDomainModelsOnServer|0|0
{d3886967-7d3c-4d23-8065-bd36366270a5}|SelectMainLineDomainModelToProvideListOfMainLineDomainModels|Select Main Line Domain Model --> Provide list of main line domain models|1|SelectMainLineDomainModel|ProvideListOfMainLineDomainModels|0|0
{110aa2c5-d7c2-4630-bdaa-c217935a81b5}|NameToSelectMainLineDomainModel|Name --> Select Main Line Domain Model|1|Name|SelectMainLineDomainModel|0|0
{a88c9254-8c7d-430b-a191-f2c580c808ec}|DescriptionToSelectMainLineDomainModel|Description --> Select Main Line Domain Model|1|Description|SelectMainLineDomainModel|0|0
{ccb5b268-e1bf-4d3f-93ec-d90db755ab12}|CreatedDatetimeToSelectMainLineDomainModel|Created Datetime --> Select Main Line Domain Model|1|CreatedDatetime|SelectMainLineDomainModel|0|0
{46e2f8eb-6c87-4c78-9023-ce949acf9b9b}|LastUpdatedDatetimeToSelectMainLineDomainModel|Last updated datetime --> Select Main Line Domain Model|1|LastUpdatedDatetime|SelectMainLineDomainModel|0|0
{1e88f3b0-c8e9-4a94-9160-48ea5b1fbd42}|DownloadSelectedDomainModelFileFromMainLineToOverlayEnterpriseServer|Download selected domain model file from main line --> Overlay Enterprise Server|1|DownloadSelectedDomainModelFileFromMainLine|OverlayEnterpriseServer|0|0
{7b991ac7-c9d7-4398-9b3d-8874ad0a242b}|ModelFileNameToSelectMainLineDomainModel|Model file name --> Select Main Line Domain Model|1|ModelFileName|SelectMainLineDomainModel|0|0
{efecf6c3-1104-43fc-94a0-058b57c0ea25}|SelectedDomainModelFileToDownloadSelectedDomainModelFileFromMainLine|Selected Domain Model File --> Download selected domain model file from main line|1|SelectedDomainModelFile|DownloadSelectedDomainModelFileFromMainLine|0|0
{0009a452-47e7-40b2-a673-1fbde257e715}|DomainModelName2ToSelectedDomainModelFile|Domain model name --> Selected Domain Model File|1|DomainModelName2|SelectedDomainModelFile|0|0
{a16b2be2-6b16-45f5-8474-b887264e55c1}|DomainModelFileName2ToSelectedDomainModelFile|Domain model file name --> Selected Domain Model File|1|DomainModelFileName2|SelectedDomainModelFile|0|0
{00eabfa7-2cca-4088-9960-30996c31341b}|ModelFileURLToSelectMainLineDomainModel|Model File URL --> Select Main Line Domain Model|1|ModelFileURL|SelectMainLineDomainModel|0|0
{b2b6b19c-ab3a-48a7-aeae-2fd3c473441e}|UniqueName2ToSelectLink|Unique Name --> Select Link|1|UniqueName2|SelectLink|0|0
{b8971784-ac70-4705-a925-2f8f2f2091d2}|LinkScriptLanguage1ToSelectLink|Link Script Language --> Select Link|1|LinkScriptLanguage1|SelectLink|0|0
{bf46870a-79c4-40b2-85f6-07da417c3463}|ReparentToReadConfigForUpdate|ReParent --> Read Config For Update|1|Reparent|ReadConfigForUpdate|1|0
{38ff969a-1e45-43fe-bab3-e006f2061a4c}|ReparentNodeToReparent|Reparent Node --> ReParent|1|ReparentNode|Reparent|0|0
{e9d4446a-cdd1-42d4-9e70-e0c5b23a835e}|OldParentIdToReparentNode|Old Parent Id --> Reparent Node|1|OldParentId|ReparentNode|0|0
{937db138-7a40-4908-8a9b-64ac881e53d1}|ChildIdToReparentNode|Child Id --> Reparent Node|1|ChildId|ReparentNode|0|0
{d853fa0f-c863-4265-84a3-36c77ec734ba}|NewParentIdToReparentNode|New Parent Id --> Reparent Node|1|NewParentId|ReparentNode|0|0
{053d6fbb-a427-4161-8642-2e9857fd50c1}|AddChildNodeCISControllerToAuthoringToolCISCluster|Design CIS for Adding Child Nodes --> Authoring Tool CIS Cluster|1|AddChildNodeCISController|AuthoringToolCISCluster|0|0
{976e34c2-6877-4d9e-8d34-8d5bf511322b}|AddChildNodeRegionCISToAddChildNodeCISController|CIS for Adding a new child node will have a single region --> Design CIS for Adding Child Nodes|1|AddChildNodeRegionCIS|AddChildNodeCISController|0|0
{4f8b9bc7-7c77-4574-9fdd-c584797167fa}|AddChildNodeResourcesToAddChildNodeCISController|Common resources used in CIS for adding new child node --> Design CIS for Adding Child Nodes|1|AddChildNodeResources|AddChildNodeCISController|0|0
{5eeccdc0-72c6-4ed8-90f6-6a6c421265f4}|SearchNodesCISControllerToAuthoringToolCISCluster|Design CIS for Searching Nodes --> Authoring Tool CIS Cluster|1|SearchNodesCISController|AuthoringToolCISCluster|0|0
{92e3ae9f-6466-473b-8bea-4bb6fe9fbbc8}|SearchNodesCISRegionToSearchNodesCISController|CIS for Searching Nodes will have a single region --> Design CIS for Searching Nodes|1|SearchNodesCISRegion|SearchNodesCISController|0|0
{5fa16f20-1242-4ccd-a018-dbbd32daf98c}|SearchNodesResourcesToSearchNodesCISController|Common Resources used in CIS for searching nodes --> Design CIS for Searching Nodes|1|SearchNodesResources|SearchNodesCISController|0|0
{9a308fa9-f720-459a-8897-f2b8fc79efae}|AddNewDomainModelToSaveModel|Add New Domain Model --> Save Model|1|AddNewDomainModel|SaveModel|1|0
{0679a965-39d5-4dfe-9aa9-88c0b93abf73}|DomainModelToAddNewDomainModel|Domain Model --> Add New Domain Model|1|DomainModel|AddNewDomainModel|0|0
{201491c8-5526-437a-9b35-ee9779c93709}|DomainNameToDomainModel|Domain Name --> Domain Model|1|DomainName|DomainModel|0|0
{09698c64-8a2c-46fe-a466-132e70f2e417}|LayerNameToDomainModel|Layer Name --> Domain Model|1|LayerName|DomainModel|0|0
{3c1368f4-29c8-45f1-abee-d69e91dd2d50}|NewDomainModelFileNameToDomainModel|File Name --> Domain Model|1|NewDomainModelFileName|DomainModel|0|0
{7006d9a1-e1ec-447c-b45b-b26bee9edc9f}|RootNodeDisplayName1ToDomainModel|Root Node Display Name --> Domain Model|1|RootNodeDisplayName1|DomainModel|0|0
{fc27b1ad-f3db-442d-9274-fdabf1e790c3}|RootNodeUniqueNameToDomainModel|Root Node Unique Name --> Domain Model|1|RootNodeUniqueName|DomainModel|0|0
{cee93ad1-5bf7-4ac9-9a42-fcd40c75e187}|AddDomainModelCISControllerToAuthoringToolCISCluster|Design CIS for Adding New Domain Model --> Authoring Tool CIS Cluster|1|AddDomainModelCISController|AuthoringToolCISCluster|0|0
{738cf2e9-0340-45c2-8975-0e296a819b03}|AddDomainModelRegionCISToAddDomainModelCISController|CIS for Adding a new domain model will have a single region --> Design CIS for Adding New Domain Model|1|AddDomainModelRegionCIS|AddDomainModelCISController|0|0
{8954510f-8e5a-45b1-b10a-ec60f063360a}|AddDomainModelResourcesToAddDomainModelCISController|Common Resources used in CIS for adding new domain model --> Design CIS for Adding New Domain Model|1|AddDomainModelResources|AddDomainModelCISController|0|0
{90129887-7e75-468e-97fd-375d1b4b111c}|DomainModelListViewCISControllerToAuthoringToolCISCluster|Design CIS for Domain Model List View --> Authoring Tool CIS Cluster|1|DomainModelListViewCISController|AuthoringToolCISCluster|0|0
{21a33df6-e6ff-455b-993e-41dd46415392}|DomainModelListViewRegionCISToDomainModelListViewCISController|Domain Model List View will have a single region --> Design CIS for Domain Model List View|1|DomainModelListViewRegionCIS|DomainModelListViewCISController|0|0
{58c94638-1513-4f70-9ac3-e9817eac7f66}|DomainModelListViewResourcesToDomainModelListViewCISController|Common Resources used in CIS for showing Domain model list --> Design CIS for Domain Model List View|1|DomainModelListViewResources|DomainModelListViewCISController|0|0
{f6c0efd7-dcfd-4db2-a5f2-34848e05da54}|PredictivePatternClusterToUlyssesProvidedOverlayAuthoringTool|Authoring Tool Predictive Pattern Cluster --> Ulysses Provided Overlay Authoring Tool|1|PredictivePatternCluster|UlyssesProvidedOverlayAuthoringTool|0|0
{14b7ebbc-6b44-48cc-a86e-9384beeef581}|PlatformDetailsToReadConfigFile|Platform Details --> Read Config File|1|PlatformDetails|ReadConfigFile|0|0
{49e0efd0-5250-4fc9-9fee-17446b89b19d}|PlatformBasePathToPlatformDetails|Platform Base Path --> Platform Details|1|PlatformBasePath|PlatformDetails|0|0
{2b2fc76a-f97b-4f28-a2a0-408d7b2015b2}|ReadConfigFileToLoadModel|Read Config File --> Load Model|1|ReadConfigFile|LoadModel|1|0
{3059a8b6-4416-494e-b698-71fd26260c98}|LoadModelToSetModelAsDefault|Load Model --> Set Model As Default|1|LoadModel|SetModelAsDefault|1|0
{3993f2fb-06c9-441c-8406-1479c098a8aa}|GetRootNodeToProvideRootNodeToAuthoringToolUI|Get Root Node --> Provide Root Node To Authoring Tool U I|1|GetRootNode|ProvideRootNodeToAuthoringToolUI|0|0
{65651084-833c-4f34-9a71-1333b6702351}|ModelContextToLoadModel|Model Context --> Load Model|1|ModelContext|LoadModel|0|0
{fe9d6c1e-98b8-436c-a64f-736e344e093d}|ModelContentToModelContext|Model Content --> Model Context|1|ModelContent|ModelContext|0|0
{ec671ad5-20ab-46d7-bf37-e1cb170ce189}|SaveModelToLoadSelectedDomainModelForAuthoring|Save Model --> Load Selected Domain Model for Authoring|1|SaveModel|LoadSelectedDomainModelForAuthoring|0|0
{dc4b0630-6a66-47c8-9302-5eb0876f11a0}|DomainModelFileToAddNode|Domain Model File --> Add Node|0|DomainModelFile|AddNode|0|0
{d4f74234-2f11-4cfe-a2bb-f59850a20b3f}|DomainModelFileToEditNode|Domain Model File --> Edit Node|0|DomainModelFile|EditNode|0|0
{c3cf5948-196a-45ae-bb84-567769d8b678}|DomainModelFileToDeleteNode|Domain Model File --> Delete Node|0|DomainModelFile|DeleteNode|0|0
{9b6d1fa4-06cd-49f0-bf22-55fa418a0589}|DomainModelFileToAddRole|Domain Model File --> Add Role|0|DomainModelFile|AddRole|0|0
{8d25831a-2fee-46a2-a80b-74ee46ead4f8}|DomainModelFileToEditRole|Domain Model File --> Edit Role|0|DomainModelFile|EditRole|0|0
{84bad678-3242-4e2e-b65d-1df2ab566398}|DomainModelFileToDeleteRole|Domain Model File --> Delete Role|0|DomainModelFile|DeleteRole|0|0
{0fa3c57c-98ff-491e-84b9-ab0402dda23b}|DomainModelFileToAddReference|Domain Model File --> Add Reference|0|DomainModelFile|AddReference|0|0
{ec6c11af-577d-4e36-bd5d-4c2e3a27206f}|DomainModelFileToEditReference|Domain Model File --> Edit Reference|0|DomainModelFile|EditReference|0|0
{88acd380-0ae6-420e-a7ec-239965464f47}|DomainModelFileToDeleteReference|Domain Model File --> Delete Reference|0|DomainModelFile|DeleteReference|0|0
{90c903ba-8897-4513-844d-4b26156b68cc}|DomainModelFileToAddDiscussion|Domain Model File --> Add Discussion|0|DomainModelFile|AddDiscussion|0|0
{d20be80c-819c-4609-804b-cd637e13fea9}|DomainModelFileToReplyDiscussion|Domain Model File --> Reply Discussion|0|DomainModelFile|ReplyDiscussion|0|0
{8be3d517-6336-448d-aa9c-b3f5eef082ba}|DomainModelFileToDeleteDiscussion|Domain Model File --> Delete Discussion|0|DomainModelFile|DeleteDiscussion|0|0
{707b5d9e-8ddd-4cb4-bff4-d329da051606}|DomainModelFileToMoveNode|Domain Model File --> Move Node|0|DomainModelFile|MoveNode|0|0
{06e0bf84-2d47-4b74-bda1-eafeff384d4e}|DomainModelFileToAddLink|Domain Model File --> Add Link|0|DomainModelFile|AddLink|0|0
{dbc11f26-f3ba-4cee-a399-deacd72e2b79}|DomainModelFileToEditLink|Domain Model File --> Edit Link|0|DomainModelFile|EditLink|0|0
{9d033d70-ecd0-4672-8c84-8ed9a2258195}|DomainModelFileToDeleteLink|Domain Model File --> Delete Link|0|DomainModelFile|DeleteLink|0|0
{cd822d3c-ffb1-4b4a-807c-63dccac2d054}|ReadConfigForUpdateToLoadModelForUpdate|Read Config For Update --> Load Model For Update|1|ReadConfigForUpdate|LoadModelForUpdate|1|0
{e74476ea-24c5-4d1c-8555-6776d6e4f032}|LoadModelForUpdateToAddNodeInModel|Load Model For Update --> Add Node In Model|1|LoadModelForUpdate|AddNodeInModel|1|0
{d366bb25-3b2a-4aec-8117-6c606785ae69}|AddNodeInModelToSaveModelAfterUpdate|Add Node In Model --> Save Model After Update|1|AddNodeInModel|SaveModelAfterUpdate|1|0
{b05203d3-6de6-4586-bf25-adcb18abb75f}|SaveModelAfterUpdateToUpdateModel|Save Model After Update --> Manage Domain Model|1|SaveModelAfterUpdate|UpdateModel|1|0
{ac259aff-29c7-45d5-af54-5567378fa5ef}|EditNodeInModelToSaveModelAfterUpdate|Edit Node In Model --> Save Model After Update|1|EditNodeInModel|SaveModelAfterUpdate|1|0
{8a0287cd-3bc0-4557-a8c4-dcccdbdd0ec3}|LoadModelForUpdateToEditNodeInModel|Load Model For Update --> Edit Node In Model|0|LoadModelForUpdate|EditNodeInModel|1|0
{9ebbf7a6-0329-4536-a7c3-7dc630d72812}|DeleteNodeInModelToSaveModelAfterUpdate|Delete Node In Model --> Save Model After Update|1|DeleteNodeInModel|SaveModelAfterUpdate|1|0
{e7644b5d-d7c7-4ba9-9720-4afa1806f049}|AddRoleInModelToSaveModelAfterUpdate|Add Role In Model --> Save Model After Update|1|AddRoleInModel|SaveModelAfterUpdate|1|0
{8fbacbef-93a2-437c-aba2-17f7f7e2f075}|EditRoleInModelToSaveModelAfterUpdate|Edit Role In Model --> Save Model After Update|1|EditRoleInModel|SaveModelAfterUpdate|1|0
{1402399e-11a8-4770-9249-a6dee3b5a004}|DeleteRoleInModelToSaveModelAfterUpdate|Delete Role In Model --> Save Model After Update|1|DeleteRoleInModel|SaveModelAfterUpdate|1|0
{f6cf3cdd-9365-4208-8495-7c84eb14270f}|AddReferenceInModelToSaveModelAfterUpdate|Add Reference In Model --> Save Model After Update|1|AddReferenceInModel|SaveModelAfterUpdate|1|0
{48369bb2-1584-45b0-9c90-46be1102b710}|EditReferenceInModelToSaveModelAfterUpdate|Edit Reference In Model --> Save Model After Update|1|EditReferenceInModel|SaveModelAfterUpdate|1|0
{0ce0f815-c283-47d3-a817-3698722089dd}|DeleteReferenceInModelToSaveModelAfterUpdate|Delete Reference In Model --> Save Model After Update|1|DeleteReferenceInModel|SaveModelAfterUpdate|1|0
{86c4a43b-a86c-4381-8300-adf5c9dbcf5a}|AddDiscussionInModelToSaveModelAfterUpdate|Add Discussion In Model --> Save Model After Update|1|AddDiscussionInModel|SaveModelAfterUpdate|1|0
{b30ae33c-3265-4363-8e4d-ce04e47e0556}|ReplyDiscussionInModelToSaveModelAfterUpdate|Reply Discussion In Model --> Save Model After Update|1|ReplyDiscussionInModel|SaveModelAfterUpdate|1|0
{d3935595-909d-4525-86b8-e9cd478ef928}|DeleteDiscussionInModelToSaveModelAfterUpdate|Delete Discussion In Model --> Save Model After Update|1|DeleteDiscussionInModel|SaveModelAfterUpdate|1|0
{b8b74365-9db8-44fa-ac61-61834adadb8d}|MoveNodeInModelToSaveModelAfterUpdate|Move Node In Model --> Save Model After Update|1|MoveNodeInModel|SaveModelAfterUpdate|1|0
{525250cd-4add-4016-ab60-94bff025418a}|AddLinkInModelToSaveModelAfterUpdate|Add Link In Model --> Save Model After Update|1|AddLinkInModel|SaveModelAfterUpdate|1|0
{4592be02-82b0-4ddc-9d26-cf3b3e9dc550}|EditLinkInModelToSaveModelAfterUpdate|Edit Link In Model --> Save Model After Update|1|EditLinkInModel|SaveModelAfterUpdate|1|0
{e2943e37-bca9-471a-8549-41d27d1c260a}|DeleteLinkInModelToSaveModelAfterUpdate|Delete Link In Model --> Save Model After Update|1|DeleteLinkInModel|SaveModelAfterUpdate|1|0
{d8df4339-6533-45db-b8be-e283b7a93896}|LinkNodeToRoleInModelToSaveModelAfterUpdate|Link Node To Role In Model --> Save Model After Update|1|LinkNodeToRoleInModel|SaveModelAfterUpdate|1|0
{d388a9d1-4b9d-4cc9-b5a6-61be323591c9}|RemoveRoleLinkFromNodeInModelToSaveModelAfterUpdate|Remove Role Link From Node In Model --> Save Model After Update|1|RemoveRoleLinkFromNodeInModel|SaveModelAfterUpdate|1|0
{f2ade260-6c28-475b-9d7b-3f947d123954}|RemoveReferenceLinkFromNodeInModelToSaveModelAfterUpdate|Remove Reference Link From Node In Model --> Save Model After Update|1|RemoveReferenceLinkFromNodeInModel|SaveModelAfterUpdate|1|0
{4b11ec45-0def-4bb3-bf74-09b79148a055}|ReparentInModelToSaveModelAfterUpdate|Reparent  In Model --> Save Model After Update|1|ReparentInModel|SaveModelAfterUpdate|1|0
{19e1c20b-1bef-4517-bdd1-1d992b131114}|LoadModelForUpdateToDeleteNodeInModel|Load Model For Update --> Delete Node In Model|0|LoadModelForUpdate|DeleteNodeInModel|1|0
{cd491468-f219-40c1-a028-ef479c398adc}|LoadModelForUpdateToAddRoleInModel|Load Model For Update --> Add Role In Model|0|LoadModelForUpdate|AddRoleInModel|1|0
{f04fa383-4d47-4cf5-b7b3-cadf98503b93}|LoadModelForUpdateToEditRoleInModel|Load Model For Update --> Edit Role In Model|0|LoadModelForUpdate|EditRoleInModel|1|0
{5a41d083-ac6e-43aa-9f61-823542f77ca3}|LoadModelForUpdateToDeleteRoleInModel|Load Model For Update --> Delete Role In Model|0|LoadModelForUpdate|DeleteRoleInModel|1|0
{8b46a352-3287-47b2-b3d8-c08e3b42d974}|LoadModelForUpdateToAddReferenceInModel|Load Model For Update --> Add Reference In Model|0|LoadModelForUpdate|AddReferenceInModel|1|0
{5faed0bb-decb-42ec-8df7-6f1d58d42fb7}|LoadModelForUpdateToEditReferenceInModel|Load Model For Update --> Edit Reference In Model|0|LoadModelForUpdate|EditReferenceInModel|1|0
{4121d3b0-ebfc-4310-9921-086eb3999c49}|LoadModelForUpdateToDeleteReferenceInModel|Load Model For Update --> Delete Reference In Model|0|LoadModelForUpdate|DeleteReferenceInModel|1|0
{76a16647-3423-40a0-91a9-7ec36408c1f7}|LoadModelForUpdateToAddDiscussionInModel|Load Model For Update --> Add Discussion In Model|0|LoadModelForUpdate|AddDiscussionInModel|1|0
{017538f9-de60-457f-b9da-3b3110068792}|LoadModelForUpdateToReplyDiscussionInModel|Load Model For Update --> Reply Discussion In Model|0|LoadModelForUpdate|ReplyDiscussionInModel|1|0
{9e8157e8-04c9-4b33-b4fd-e32b87b86474}|LoadModelForUpdateToDeleteDiscussionInModel|Load Model For Update --> Delete Discussion In Model|0|LoadModelForUpdate|DeleteDiscussionInModel|1|0
{2321e06d-691f-4cbe-b047-71a97a791fae}|LoadModelForUpdateToMoveNodeInModel|Load Model For Update --> Move Node In Model|0|LoadModelForUpdate|MoveNodeInModel|1|0
{c3476c56-9599-4e47-8c7a-2fc486c17b79}|LoadModelForUpdateToAddLinkInModel|Load Model For Update --> Add Link In Model|0|LoadModelForUpdate|AddLinkInModel|1|0
{63e3b7c9-b994-4b94-bf42-28d7937cf930}|LoadModelForUpdateToEditLinkInModel|Load Model For Update --> Edit Link In Model|0|LoadModelForUpdate|EditLinkInModel|1|0
{c9d2bf9e-31c0-44e2-8582-4bfb023bdfc6}|LoadModelForUpdateToDeleteLinkInModel|Load Model For Update --> Delete Link In Model|0|LoadModelForUpdate|DeleteLinkInModel|1|0
{5343b9b3-aa0a-443e-b433-c79aaa4f81c7}|LoadModelForUpdateToLinkNodeToRoleInModel|Load Model For Update --> Link Node To Role In Model|0|LoadModelForUpdate|LinkNodeToRoleInModel|1|0
{2730e812-ca65-4788-be5c-27fcbc9537d0}|LoadModelForUpdateToRemoveRoleLinkFromNodeInModel|Load Model For Update --> Remove Role Link From Node In Model|0|LoadModelForUpdate|RemoveRoleLinkFromNodeInModel|1|0
{d450f331-45a5-4398-bee5-1f18399c4dff}|LoadModelForUpdateToRemoveReferenceLinkFromNodeInModel|Load Model For Update --> Remove Reference Link From Node In Model|0|LoadModelForUpdate|RemoveReferenceLinkFromNodeInModel|1|0
{c3da6f02-432e-478b-8d5f-9ea764b9ddb4}|LoadModelForUpdateToReparentInModel|Load Model For Update --> Reparent  In Model|0|LoadModelForUpdate|ReparentInModel|1|0
{bf41c5ba-66cb-48ae-9bf2-3facff19fc4d}|PlatformDetailsToReadConfigForUpdate|Platform Details --> Read Config For Update|0|PlatformDetails|ReadConfigForUpdate|0|0
{d27c862d-6a40-4b44-98f5-e3cf328d6f5b}|ModelContextToLoadModelForUpdate|Model Context --> Load Model For Update|0|ModelContext|LoadModelForUpdate|0|0
{09923247-1756-404a-a63a-d0430c740447}|ReadConfigFileForCompileToModelCompile|Read Config File For Compile --> Compile Domain Model|1|ReadConfigFileForCompile|ModelCompile|1|0
{c8f3d2f7-003b-4797-b753-7299b9fb6009}|ModelCompileToUlyssesProvidedOverlayAuthoringTool|Compile Domain Model --> Ulysses Provided Overlay Authoring Tool|1|ModelCompile|UlyssesProvidedOverlayAuthoringTool|0|0
{66a3adda-5015-410d-a144-25210f1ce85f}|PlatformDetailsToReadConfigFileForCompile|Platform Details --> Read Config File For Compile|0|PlatformDetails|ReadConfigFileForCompile|0|0
{0bd46062-f433-4b81-9eb4-908f674b8134}|DomainModelFileToCompileModel|Domain Model File --> Compile Model|0|DomainModelFile|CompileModel|0|0
{26b300ee-8884-41d2-b9c0-f0666ed2d78b}|PlatformDetailsToSaveModel|Platform Details --> Save Model|0|PlatformDetails|SaveModel|0|0
{2b7960cc-93fc-46d4-bc3d-1708a179cead}|ActionPathToPlatformDetails|Action Path --> Platform Details|1|ActionPath|PlatformDetails|0|0
{74d92534-3d28-48b4-aa40-b473895d12ee}|SelectTargetPathToReadConfigFileForCompile|Select path to save the new build --> Read Config File For Compile|0|SelectTargetPath|ReadConfigFileForCompile|0|0
{c61f8b37-bea6-4fe5-a2ff-ff4aefebbbec}|PlatformDetailsToSaveModelAfterUpdate|Platform Details --> Save Model After Update|0|PlatformDetails|SaveModelAfterUpdate|0|0
{53ac57f9-24dc-4f4d-a54b-fdb626d545f0}|DomainModelFileToSaveModelAfterUpdate|Domain Model File --> Save Model After Update|0|DomainModelFile|SaveModelAfterUpdate|0|0
{cf94a03c-c4cb-4899-96d8-d2ed1240435b}|ModelContextToSaveModelAfterUpdate|Model Context --> Save Model After Update|0|ModelContext|SaveModelAfterUpdate|0|0
{6878ce4c-3064-46cf-aa38-74297b07be10}|ModelContextToAddNodeInModel|Model Context --> Add Node In Model|0|ModelContext|AddNodeInModel|0|0
{8bf38f9a-1476-4767-a593-843a78595123}|ModelContextToEditNodeInModel|Model Context --> Edit Node In Model|0|ModelContext|EditNodeInModel|0|0
{f0faa268-d5a9-4076-90d5-7bae52109f17}|ModelContextToDeleteNodeInModel|Model Context --> Delete Node In Model|0|ModelContext|DeleteNodeInModel|0|0
{3efb2d70-ebf2-4c40-a31e-8f3cf6f44641}|ModelContextToAddRoleInModel|Model Context --> Add Role In Model|0|ModelContext|AddRoleInModel|0|0
{2f455f31-6c5e-45ef-826c-bac627991227}|ModelContextToEditRoleInModel|Model Context --> Edit Role In Model|0|ModelContext|EditRoleInModel|0|0
{ba801784-29ba-442c-a337-6bad465a6136}|ModelContextToDeleteRoleInModel|Model Context --> Delete Role In Model|0|ModelContext|DeleteRoleInModel|0|0
{90495a08-3578-41bf-8ed9-60b5de349ad2}|ModelContextToAddReferenceInModel|Model Context --> Add Reference In Model|0|ModelContext|AddReferenceInModel|0|0
{a5a8fa09-d4fc-4d0c-a147-bec813c7f9e5}|ModelContextToEditReferenceInModel|Model Context --> Edit Reference In Model|0|ModelContext|EditReferenceInModel|0|0
{8ce81515-90ea-4269-a753-1a7d489d920c}|ModelContextToDeleteReferenceInModel|Model Context --> Delete Reference In Model|0|ModelContext|DeleteReferenceInModel|0|0
{3118215b-71e7-4a53-b835-fdda446c457d}|ModelContextToAddDiscussionInModel|Model Context --> Add Discussion In Model|0|ModelContext|AddDiscussionInModel|0|0
{2454fe00-3087-40a6-8ce9-31be4ddf6132}|ModelContextToReplyDiscussionInModel|Model Context --> Reply Discussion In Model|0|ModelContext|ReplyDiscussionInModel|0|0
{8f89accc-2790-4843-b38a-0179c4bb1ae6}|ModelContextToDeleteDiscussionInModel|Model Context --> Delete Discussion In Model|0|ModelContext|DeleteDiscussionInModel|0|0
{389153d4-7d65-41e8-bc3e-057d28bf76a0}|ModelContextToMoveNodeInModel|Model Context --> Move Node In Model|0|ModelContext|MoveNodeInModel|0|0
{c4cfafac-b060-4484-af2c-1172acb8650c}|ModelContextToAddLinkInModel|Model Context --> Add Link In Model|0|ModelContext|AddLinkInModel|0|0
{551df7ee-12d2-419c-83bc-41970339b74f}|ModelContextToEditLinkInModel|Model Context --> Edit Link In Model|0|ModelContext|EditLinkInModel|0|0
{e774cd33-769f-4ed5-8d16-37efd65615c4}|ModelContextToDeleteLinkInModel|Model Context --> Delete Link In Model|0|ModelContext|DeleteLinkInModel|0|0
{4a997ec4-dc77-42a3-aa55-297b586d1346}|ModelContextToLinkNodeToRoleInModel|Model Context --> Link Node To Role In Model|0|ModelContext|LinkNodeToRoleInModel|0|0
{a396d4f6-5015-4bd5-baa8-87f675c288ae}|ModelContextToRemoveRoleLinkFromNodeInModel|Model Context --> Remove Role Link From Node In Model|0|ModelContext|RemoveRoleLinkFromNodeInModel|0|0
{37db1cef-ee34-4d9b-aed6-77323ded2be5}|ModelContextToRemoveReferenceLinkFromNodeInModel|Model Context --> Remove Reference Link From Node In Model|0|ModelContext|RemoveReferenceLinkFromNodeInModel|0|0
{cdfb7b2a-7d43-4f4a-a6ee-13f549989de5}|ModelContextToReparentInModel|Model Context --> Reparent  In Model|0|ModelContext|ReparentInModel|0|0
{af2808f3-0e7b-4e41-88bd-51160ad75e33}|DomainNodeToAddNodeInModel|Domain Node --> Add Node In Model|0|DomainNode|AddNodeInModel|0|0
{77912d54-47d5-4aa9-8fb5-8995022af154}|SelectNodeToAddNodeInModel|Select Node --> Add Node In Model|0|SelectNode|AddNodeInModel|0|0
{ef3cdbcf-aae5-4414-9774-07d638a2697e}|DomainNodeToEditNodeInModel|Domain Node --> Edit Node In Model|0|DomainNode|EditNodeInModel|0|0
{4d474495-44db-4f2e-932a-b4ea39656e8a}|SelectNodeForEditToEditNodeInModel|Select Node For Edit --> Edit Node In Model|0|SelectNodeForEdit|EditNodeInModel|0|0
{58c678c5-66f1-4404-b49f-29f6bb48eabc}|SelectNodeToDeleteNodeInModel|Select Node --> Delete Node In Model|0|SelectNode|DeleteNodeInModel|0|0
{3503c2d9-141b-456a-9c87-47c6c3a1cfad}|AddOverlayRoleToAddRoleInModel|Add Overlay Role --> Add Role In Model|0|AddOverlayRole|AddRoleInModel|0|0
{501a8b40-bdf6-4554-bde4-8b182924fea6}|AddOverlayRoleToEditRoleInModel|Add Overlay Role --> Edit Role In Model|0|AddOverlayRole|EditRoleInModel|0|0
{dc61b603-3c6a-4c5e-8e31-87175229b507}|EditOverlayRoleToEditRoleInModel|Edit Overlay Role --> Edit Role In Model|0|EditOverlayRole|EditRoleInModel|0|0
{fa604395-11c9-462e-b0c5-0a83bb9ba1a9}|SelectOverlayRoleToDeleteRoleInModel|Select Overlay Role --> Delete Role In Model|0|SelectOverlayRole|DeleteRoleInModel|0|0
{ecfc3ede-2036-429e-aafa-6e8895a5f5eb}|AddOverlayReferenceToAddReferenceInModel|Add Overlay Reference --> Add Reference In Model|0|AddOverlayReference|AddReferenceInModel|0|0
{c028f836-1ff5-4971-b2fb-67642d195235}|AddOverlayReferenceToEditReferenceInModel|Add Overlay Reference --> Edit Reference In Model|0|AddOverlayReference|EditReferenceInModel|0|0
{606ff0c9-928d-4dba-91cd-8a203f07c315}|EditOverlayReferenceToEditReferenceInModel|Edit Overlay Reference --> Edit Reference In Model|0|EditOverlayReference|EditReferenceInModel|0|0
{1288e255-916a-44af-a20e-f489a901fe4b}|SelectOverlayReferenceToDeleteReferenceInModel|Select Overlay Reference --> Delete Reference In Model|0|SelectOverlayReference|DeleteReferenceInModel|0|0
{22feced0-3b17-4f9f-a85f-3e2aed88a440}|SelectNodeToAddDiscussionInModel|Select Node --> Add Discussion In Model|0|SelectNode|AddDiscussionInModel|0|0
{5edc8164-d3db-40a2-a56d-a2f43fb5209d}|CommentToAddDiscussionInModel|Comment --> Add Discussion In Model|0|Comment|AddDiscussionInModel|0|0
{d275cf26-d9ff-4499-95e1-76d473602764}|SelectNodeToReplyDiscussionInModel|Select Node --> Reply Discussion In Model|0|SelectNode|ReplyDiscussionInModel|0|0
{bab786bd-5e53-4e6d-aff5-35ac18c14834}|ReplyCommentToReplyDiscussionInModel|Reply Comment --> Reply Discussion In Model|0|ReplyComment|ReplyDiscussionInModel|0|0
{706cdcca-c5e2-415b-a09b-7de12da95332}|CommentToReplyDiscussionInModel|Comment --> Reply Discussion In Model|0|Comment|ReplyDiscussionInModel|0|0
{26348610-b488-40e4-aa64-ca1ccb11fb12}|SelectNodeToDeleteDiscussionInModel|Select Node --> Delete Discussion In Model|0|SelectNode|DeleteDiscussionInModel|0|0
{cf0a6108-e37c-467c-94a5-ad9f559e1e77}|SelectCommentToDeleteDiscussionInModel|Select Comment --> Delete Discussion In Model|0|SelectComment|DeleteDiscussionInModel|0|0
{8c57fa7f-57d8-4729-8cb1-7a2296dca8cf}|SelectDirectionToMoveNodeInModel|Select Direction --> Move Node In Model|0|SelectDirection|MoveNodeInModel|0|0
{47136fdb-c307-4aee-bf32-286d4841c057}|SelectSourceNodeToMoveNodeInModel|Select Source Node --> Move Node In Model|0|SelectSourceNode|MoveNodeInModel|0|0
{081728d9-6295-4052-9791-706c29ece404}|SelectTargetNodeToMoveNodeInModel|Select Target Node --> Move Node In Model|0|SelectTargetNode|MoveNodeInModel|0|0
{e5fba548-6596-465e-9f62-33fa21aee48d}|SelectParentNodeToAddLinkInModel|Select Parent Node --> Add Link In Model|0|SelectParentNode|AddLinkInModel|0|0
{156f267e-4ed9-4217-9206-08159c8a9752}|SelectChildNodeToAddLinkInModel|Select Child Node --> Add Link In Model|0|SelectChildNode|AddLinkInModel|0|0
{8eead32c-b8d4-4fc5-9ea1-d4ac5dee3627}|SelectLinkToEditLinkInModel|Select Link --> Edit Link In Model|0|SelectLink|EditLinkInModel|0|0
{72662223-c35a-4de5-91bf-7bdd2368f6a7}|EditOverlayLinkToEditLinkInModel|Edit Overlay Link --> Edit Link In Model|0|EditOverlayLink|EditLinkInModel|0|0
{ee5a0ff9-5fc2-4143-a919-6a5650efe9b3}|SelectLinkToDeleteLinkInModel|Select Link --> Delete Link In Model|0|SelectLink|DeleteLinkInModel|0|0
{a4c5e67e-740b-48d0-a483-e3fd0ad59fca}|SelectNodeToLinkNodeToRoleInModel|Select Node --> Link Node To Role In Model|0|SelectNode|LinkNodeToRoleInModel|0|0
{2fa81dfc-d344-43e4-abe9-f1915d72c833}|SelectOverlayRoleToLinkNodeToRoleInModel|Select Overlay Role --> Link Node To Role In Model|0|SelectOverlayRole|LinkNodeToRoleInModel|0|0
{5a330581-a850-4111-b3e9-bc782a9a37f2}|SelectNodeToRemoveRoleLinkFromNodeInModel|Select Node --> Remove Role Link From Node In Model|0|SelectNode|RemoveRoleLinkFromNodeInModel|0|0
{47cce90c-883f-4b63-9ed4-4a05e017f6f2}|SelectNodeToRemoveReferenceLinkFromNodeInModel|Select Node --> Remove Reference Link From Node In Model|0|SelectNode|RemoveReferenceLinkFromNodeInModel|0|0
{226670f6-593d-4283-9cc9-24fae68b5376}|SelectOverlayRoleToRemoveRoleLinkFromNodeInModel|Select Overlay Role --> Remove Role Link From Node In Model|0|SelectOverlayRole|RemoveRoleLinkFromNodeInModel|0|0
{c919dfeb-782a-48dc-ae39-26d44499bf24}|SelectOverlayReferenceToRemoveReferenceLinkFromNodeInModel|Select Overlay Reference --> Remove Reference Link From Node In Model|0|SelectOverlayReference|RemoveReferenceLinkFromNodeInModel|0|0
{60312ebe-3931-4500-a1c1-7d6c80b48956}|ReparentNodeToReparentInModel|Reparent Node --> Reparent  In Model|0|ReparentNode|ReparentInModel|0|0
{579bba40-de11-4fbf-b619-54b456ec841e}|DomainModelFileToLinkNodeToRole|Domain Model File --> Link Node To Role|0|DomainModelFile|LinkNodeToRole|0|0
{197a0b39-7108-47e1-9f9f-0a813b373d60}|DomainModelFileToLinkNodeToReference|Domain Model File --> Link Node To Reference|0|DomainModelFile|LinkNodeToReference|0|0
{17c9d160-bd15-4bc3-a513-471387b69a25}|DomainModelFileToReparent|Domain Model File --> ReParent|0|DomainModelFile|Reparent|0|0
{5b42785e-0553-42ac-a86f-b70f459d3edb}|PlatformDetailsToLoadModelForUpdate|Platform Details --> Load Model For Update|0|PlatformDetails|LoadModelForUpdate|0|0
{5b82268a-f618-4ff3-94b0-8bfe2df014be}|DomainModelFileToReadConfigForUpdate|Domain Model File --> Read Config For Update|0|DomainModelFile|ReadConfigForUpdate|0|0
{bf6582f7-4554-4ab4-9414-2f1b8bfa8aed}|DomainModelFileToReadConfigFileForCompile|Domain Model File --> Read Config File For Compile|0|DomainModelFile|ReadConfigFileForCompile|0|0
{57f3030f-0563-4cdf-9b01-8d4f7de00837}|LinkNodeToReferenceInModelToSaveModelAfterUpdate|Link Node To Reference In Model --> Save Model After Update|1|LinkNodeToReferenceInModel|SaveModelAfterUpdate|1|0
{6c6064af-9c98-4458-b3af-ea3efe505d95}|LoadModelForUpdateToLinkNodeToReferenceInModel|Load Model For Update --> Link Node To Reference In Model|0|LoadModelForUpdate|LinkNodeToReferenceInModel|1|0
{949f4405-d163-44bd-8e3d-8a63aa5b4877}|SelectNodeToLinkNodeToReferenceInModel|Select Node --> Link Node To Reference In Model|0|SelectNode|LinkNodeToReferenceInModel|0|0
{8cba08b7-2fa6-4d9b-a37d-4ac4cf241686}|SelectOverlayReferenceToLinkNodeToReferenceInModel|Select Overlay Reference --> Link Node To Reference In Model|0|SelectOverlayReference|LinkNodeToReferenceInModel|0|0
{86efbd9d-349c-4149-b7b2-4b88e32c52b5}|ModelContextToLinkNodeToReferenceInModel|Model Context --> Link Node To Reference In Model|0|ModelContext|LinkNodeToReferenceInModel|0|0
{8f1f8876-8394-42a1-8f18-5d1db185f26a}|DomainModelFileToReadConfigFile|Domain Model File --> Read Config File|0|DomainModelFile|ReadConfigFile|0|0
{1cf0f5f1-e5f3-4a7e-af71-4b9c221c644e}|DomainModelToSaveModel|Domain Model --> Save Model|0|DomainModel|SaveModel|0|0
{d4f796be-c9ba-4be4-a63a-d23f9b39f8a8}|SetModelAsDefaultToGetRootNode|Set Model As Default --> Get Root Node|1|SetModelAsDefault|GetRootNode|1|0
{404464af-5a20-4707-8759-567ebc7ee156}|PlatformDetailsToLoadModel|Platform Details --> Load Model|0|PlatformDetails|LoadModel|0|0
{6e061ce1-49b7-4c16-81db-964d9693cb3f}|DomainModelFileToLoadModel|Domain Model File --> Load Model|0|DomainModelFile|LoadModel|0|0
{179565d9-bf89-44b1-aaf7-dc1d5fb06eeb}|ModelContextToSetModelAsDefault|Model Context --> Set Model As Default|0|ModelContext|SetModelAsDefault|0|0
{d4c52159-f041-40e2-b2c7-64712d057a97}|CreateNewDomainModelToAddNewDomainModel|Create New Domain Model --> Add New Domain Model|1|CreateNewDomainModel|AddNewDomainModel|1|0
{d264b033-cf56-4cf0-9616-f044effc18fa}|CreateNewDomainModelListToAddNewDomainModel|Create New Domain Model List --> Add New Domain Model|1|CreateNewDomainModelList|AddNewDomainModel|1|0
{d18279bb-4484-4e42-b19d-115111060375}|DomainModelToCreateNewDomainModel|Domain Model --> Create New Domain Model|0|DomainModel|CreateNewDomainModel|0|0
{26d97f5c-29f5-43b8-81ce-83f23816a065}|CreateNewDomainModelToCreateNewDomainModelList|Create New Domain Model --> Create New Domain Model List|0|CreateNewDomainModel|CreateNewDomainModelList|1|0
{d546c982-cf2e-4fb0-9220-9f03eed0dc3b}|DomainModelToCreateNewDomainModelList|Domain Model --> Create New Domain Model List|0|DomainModel|CreateNewDomainModelList|0|0
{eb1f027d-af05-451a-941e-4b4790ae669e}|PlatformDetailsToAddNewDomainModel|Platform Details --> Add New Domain Model|0|PlatformDetails|AddNewDomainModel|0|0
{ed0fe7c6-5c24-4f7a-8bee-7442d2093be8}|ExceptionInformationToSaveModel|Exception (If Any) --> Save Model|1|ExceptionInformation|SaveModel|0|0
{4ddbfc37-2bf2-429c-b6f5-d4a2b6a983b1}|ExceptionDetailsToExceptionInformation|Exception Details --> Exception (If Any)|1|ExceptionDetails|ExceptionInformation|0|0
{fe766cff-04f6-427c-89d8-09e1afb34c2d}|ProvideDomainModelListToPredictivePatternCluster|Provide Domain Model List --> Authoring Tool Predictive Pattern Cluster|1|ProvideDomainModelList|PredictivePatternCluster|0|0
{6b0c6350-06f2-4d48-9fab-9d7f40361f75}|ReadDomainModelListFileToProvideDomainModelList|Read Domain Model List File --> Provide Domain Model List|1|ReadDomainModelListFile|ProvideDomainModelList|1|0
{f6101344-533e-4796-9955-ee17ae054746}|DomainModelListFileToProvideDomainModelList|Domain Model List File --> Provide Domain Model List|1|DomainModelListFile|ProvideDomainModelList|0|0
{fdb06ab7-3b73-4c25-9ab0-1b6172c8b9e4}|DomainModelListContentToDomainModelListFile|Domain Model List Content --> Domain Model List File|1|DomainModelListContent|DomainModelListFile|0|0
{bc26539f-fd6f-4cb7-b1cb-f2b399360ee2}|UpdateModelResultsToUpdateModel|Update Model Results --> Manage Domain Model|1|UpdateModelResults|UpdateModel|0|0
{b114c091-f35e-433b-b61d-33abf22d975f}|UpdateModelSuccessToUpdateModelResults|Update Model Success --> Update Model Results|1|UpdateModelSuccess|UpdateModelResults|0|0
{ec3119bd-743f-4f92-8708-9575911d4294}|UpdateModelExceptionDetailsToUpdateModelResults|Update Model Exception Details --> Update Model Results|1|UpdateModelExceptionDetails|UpdateModelResults|0|0
{cc11417e-8f3a-432d-81da-5335df7be0b1}|FetchAllNodesFromTheRepositoryToPrepareNodeList|Fetch all nodes from the repository --> Prepare Node List|1|FetchAllNodesFromTheRepository|PrepareNodeList|1|0
{71bc96e0-d5ca-49d0-9887-66ff6425f806}|DomainModelFileToFetchAllNodesFromTheRepository|Domain Model File --> Fetch all nodes from the repository|0|DomainModelFile|FetchAllNodesFromTheRepository|0|0
{9005052d-de8e-44b3-9e2a-74f0851b00a6}|ProvideNodeListToUIToPredictivePatternCluster|Provide Node List to UI --> Authoring Tool Predictive Pattern Cluster|1|ProvideNodeListToUI|PredictivePatternCluster|0|0
{89edf252-6c48-48f9-87a4-202efe26f897}|NodeListInformationToProvideNodeListToUI|Node List Information --> Provide Node List to UI|1|NodeListInformation|ProvideNodeListToUI|0|0
{68edc039-b54a-432b-9bee-df1dbcc0f5b6}|NodeListContentToNodeListInformation|Node List Content --> Node List Information|1|NodeListContent|NodeListInformation|0|0
{4f179420-3cc5-4901-ba7d-7c3bef32fe8b}|PrepareNodeListToProvideNodeListToUI|Prepare Node List --> Provide Node List to UI|1|PrepareNodeList|ProvideNodeListToUI|1|0
{c6ad746f-2bcd-4e22-b019-9b98a75880b8}|DomainModelFileToPrepareNodeList|Domain Model File --> Prepare Node List|0|DomainModelFile|PrepareNodeList|0|0
{0afa49f6-a9ec-4c05-b78d-3d591999bde7}|PlatformDetailsToPrepareNodeList|Platform Details --> Prepare Node List|0|PlatformDetails|PrepareNodeList|0|0
{593251f2-5001-4401-b45a-9259babbd5ed}|ProvideRoleNodeInformationToUIToPredictivePatternCluster|Provide Role Node Information to UI --> Authoring Tool Predictive Pattern Cluster|1|ProvideRoleNodeInformationToUI|PredictivePatternCluster|0|0
{a741e42b-452a-4ff3-8d93-a3db77a38ea3}|RoleNodeListInformationToProvideRoleNodeInformationToUI|Role Node List Information --> Provide Role Node Information to UI|1|RoleNodeListInformation|ProvideRoleNodeInformationToUI|0|0
{228c3e67-ee4d-43ac-ab2b-b4765f31b8ab}|RoleNodeListContentToRoleNodeListInformation|Role Node List Content --> Role Node List Information|1|RoleNodeListContent|RoleNodeListInformation|0|0
{05a0b521-5c5d-412d-a1df-e67280f93933}|PrepareRoleNodeListToProvideRoleNodeInformationToUI|Prepare Role Node List --> Provide Role Node Information to UI|1|PrepareRoleNodeList|ProvideRoleNodeInformationToUI|1|0
{f71e4ec7-3c38-45a2-a117-58c99654f9e0}|FetchAllRoleNodesFromRepositoryToPrepareRoleNodeList|Fetch All Role Nodes from Repository --> Prepare Role Node List|1|FetchAllRoleNodesFromRepository|PrepareRoleNodeList|1|0
{61de08c4-2313-4f94-856f-bcf19c593781}|DomainModelFileToPrepareRoleNodeList|Domain Model File --> Prepare Role Node List|0|DomainModelFile|PrepareRoleNodeList|0|0
{5d4b3118-8d75-4c90-babe-e690ee1f034b}|DomainModelFileToFetchAllRoleNodesFromRepository|Domain Model File --> Fetch All Role Nodes from Repository|0|DomainModelFile|FetchAllRoleNodesFromRepository|0|0
{e30660d6-45c3-488c-afd6-7ccb78a97d0b}|PlatformDetailsToPrepareRoleNodeList|Platform Details --> Prepare Role Node List|0|PlatformDetails|PrepareRoleNodeList|0|0
{9fea5cfe-f8e0-4a95-a376-a05cb2f70452}|DomainModelFileToRemoveRoleLinkFromNode|Domain Model File --> Remove Role Link From Node|0|DomainModelFile|RemoveRoleLinkFromNode|0|0
{a72b3d79-24ba-4313-a01e-da16acba653e}|RoleFilterContextToFetchAllRoleNodesFromRepository|Role Filter Context --> Fetch All Role Nodes from Repository|1|RoleFilterContext|FetchAllRoleNodesFromRepository|0|0
{66f56f37-b399-42bc-bc15-cd86129a0bf3}|AllRolesToRoleFilterContext|All Roles --> Role Filter Context|1|AllRoles|RoleFilterContext|0|0
{75dd73cb-0083-420b-8fe8-c29d4d42de7b}|NodeFilterContextToFetchAllNodesFromTheRepository|Node Filter Context --> Fetch all nodes from the repository|1|NodeFilterContext|FetchAllNodesFromTheRepository|0|0
{1506e75a-8142-4070-8bb7-62a7157ac7c6}|AllNodesToNodeFilterContext|All Nodes --> Node Filter Context|1|AllNodes|NodeFilterContext|0|0
{6c9cd40f-81f9-425f-bf78-b2aafbd6f2f8}|RoleFilterContextToPrepareRoleNodeList|Role Filter Context --> Prepare Role Node List|0|RoleFilterContext|PrepareRoleNodeList|0|0
{01c4736c-90d2-44ac-9e08-7727e32203da}|NodeFilterContextToPrepareNodeList|Node Filter Context --> Prepare Node List|0|NodeFilterContext|PrepareNodeList|0|0
{8ebb056e-ca93-4ae4-ac68-6a09bf987231}|ChildNodeListInformationToProvideChildNodesToAuthoringToolUI|Child Node List Information --> Provide Child Nodes To Authoring Tool U I|1|ChildNodeListInformation|ProvideChildNodesToAuthoringToolUI|0|0
{0322a303-41a7-4c04-af7d-22644e6323eb}|ChildNodeListContentToChildNodeListInformation|Child Node List Content --> Child Node List Information|1|ChildNodeListContent|ChildNodeListInformation|0|0
{dbf60bb9-794a-49cc-b3b4-dc5dd517fe37}|PrepareChildNodeListToProvideChildNodesToAuthoringToolUI|Prepare Child Node List --> Provide Child Nodes To Authoring Tool U I|1|PrepareChildNodeList|ProvideChildNodesToAuthoringToolUI|1|0
{02cb74b8-aaef-4f2b-814a-986ec676969d}|FetchAllChildNodesFromRepositoryToPrepareChildNodeList|Fetch All Child Nodes from Repository --> Prepare Child Node List|1|FetchAllChildNodesFromRepository|PrepareChildNodeList|1|0
{61415b32-9464-4b26-bae4-1b29d0d3c2cc}|ParentNodeInformationToFetchAllChildNodesFromRepository|Parent Node Infomation To Filter Child Node --> Fetch All Child Nodes from Repository|1|ParentNodeInformation|FetchAllChildNodesFromRepository|0|0
{305d0f08-c62e-4668-b09f-de663a0ae3e4}|ParentNodeNameToParentNodeInformation|Parent Node Name --> Parent Node Infomation To Filter Child Node|1|ParentNodeName|ParentNodeInformation|0|0
{33fc7eee-6e57-4174-88bb-f7606de81047}|DomainModelFileToPrepareChildNodeList|Domain Model File --> Prepare Child Node List|0|DomainModelFile|PrepareChildNodeList|0|0
{c41e317c-06e4-4a27-91da-c4710205e283}|DomainModelFileToFetchAllChildNodesFromRepository|Domain Model File --> Fetch All Child Nodes from Repository|0|DomainModelFile|FetchAllChildNodesFromRepository|0|0
{c4092ba8-c67a-4bbd-97b9-293e21e4cebc}|PlatformDetailsToPrepareChildNodeList|Platform Details --> Prepare Child Node List|0|PlatformDetails|PrepareChildNodeList|0|0
{29c569b3-ac9a-40e6-86ed-4b28116c0bd6}|ParentNodeInformationToPrepareChildNodeList|Parent Node Infomation To Filter Child Node --> Prepare Child Node List|0|ParentNodeInformation|PrepareChildNodeList|0|0
{006a2918-d12d-4f5b-ab24-6aace957cee4}|ParentNodeListInformationToProvideParentNodesToAuthoringToolUI|Parent Node List Information --> Provide Parent Nodes To Authoring Tool U I|1|ParentNodeListInformation|ProvideParentNodesToAuthoringToolUI|0|0
{17b95adf-492d-43d6-a467-b82d6418d489}|ParentNodeListContentToParentNodeListInformation|Parent Node List Content --> Parent Node List Information|1|ParentNodeListContent|ParentNodeListInformation|0|0
{97cdf8c8-a5b2-4e71-be84-62d154f431ad}|PrepareParentNodeListToProvideParentNodesToAuthoringToolUI|Prepare Parent Node List --> Provide Parent Nodes To Authoring Tool U I|1|PrepareParentNodeList|ProvideParentNodesToAuthoringToolUI|1|0
{803e0354-63a6-4399-99d3-aac5f3792cf0}|FetchAllParentNodesFromRepositoryToPrepareParentNodeList|Fetch All Parent Nodes From Repository --> Prepare Parent Node List|1|FetchAllParentNodesFromRepository|PrepareParentNodeList|1|0
{2f96faff-b092-4d16-95a4-701c2a5b7033}|ChildNodeInformationToFetchAllParentNodesFromRepository|Child Node Information To Filter Parent Node --> Fetch All Parent Nodes From Repository|1|ChildNodeInformation|FetchAllParentNodesFromRepository|0|0
{a7a32bb9-b050-49f8-a2c1-b552a859f8de}|ChildNodeNameToChildNodeInformation|Child Node Name --> Child Node Information To Filter Parent Node|1|ChildNodeName|ChildNodeInformation|0|0
{9ad69724-d2d6-4dcd-b777-1a7fb9105b82}|ChildNodeInformationToPrepareParentNodeList|Child Node Information To Filter Parent Node --> Prepare Parent Node List|0|ChildNodeInformation|PrepareParentNodeList|0|0
{12758490-1546-4d4b-87b6-6243359ea02f}|DomainModelFileToPrepareParentNodeList|Domain Model File --> Prepare Parent Node List|0|DomainModelFile|PrepareParentNodeList|0|0
{86edb20d-2b4d-4321-abee-d5806d357aba}|DomainModelFileToFetchAllParentNodesFromRepository|Domain Model File --> Fetch All Parent Nodes From Repository|0|DomainModelFile|FetchAllParentNodesFromRepository|0|0
{119c4249-5ada-40e3-b12b-deb9f9f6b842}|PlatformDetailsToPrepareParentNodeList|Platform Details --> Prepare Parent Node List|0|PlatformDetails|PrepareParentNodeList|0|0
{9a191d26-2d54-41ca-ab3b-241a6fc94142}|CISLayoutInformationToProvideCISLayoutInformation|CIS Layout Information --> Provide CIS Layout Information|1|CISLayoutInformation|ProvideCISLayoutInformation|0|0
{8d4dc674-4800-4493-a31c-20591d3aeed2}|LayoutUIMLnewToCISLayoutInformation|Layout UIML --> CIS Layout Information|1|LayoutUIMLnew|CISLayoutInformation|0|0
{d5134ddc-01df-46d4-a3a7-4bb1419c10e5}|HomeCISnewToCISLayoutInformation|Home CIS --> CIS Layout Information|1|HomeCISnew|CISLayoutInformation|0|0
{5194151e-0335-467a-95d8-cd189c58580c}|PrepareCISLayoutInformationToProvideCISLayoutInformation|Prepare CIS Layout Information --> Provide CIS Layout Information|1|PrepareCISLayoutInformation|ProvideCISLayoutInformation|1|0
{8623b18b-49cb-4d8b-ac93-a213690be39a}|FetchCISLayoutInformationFromRepositoryToPrepareCISLayoutInformation|Fetch CIS Layout Information From Repository --> Prepare CIS Layout Information|1|FetchCISLayoutInformationFromRepository|PrepareCISLayoutInformation|1|0
{e322db57-a7e1-4c24-9cc6-2fa5b6432712}|CISNodeInformationToFetchCISLayoutInformationFromRepository|CIS Node Information --> Fetch CIS Layout Information From Repository|1|CISNodeInformation|FetchCISLayoutInformationFromRepository|0|0
{17a8e2ff-7719-414f-bb02-d23430c10d10}|CISNodeDisplayNameToCISNodeInformation|CIS Node Display Name --> CIS Node Information|1|CISNodeDisplayName|CISNodeInformation|0|0
{0c27f565-d0de-4065-a627-6d4631410734}|DomainModelFileToPrepareCISLayoutInformation|Domain Model File --> Prepare CIS Layout Information|0|DomainModelFile|PrepareCISLayoutInformation|0|0
{8f67c0d1-d444-4994-bf94-c855e83418dd}|DomainModelFileToFetchCISLayoutInformationFromRepository|Domain Model File --> Fetch CIS Layout Information From Repository|0|DomainModelFile|FetchCISLayoutInformationFromRepository|0|0
{9cf65a71-a722-471a-ace5-87a875bc7ccd}|PlatformDetailsToPrepareCISLayoutInformation|Platform Details --> Prepare CIS Layout Information|0|PlatformDetails|PrepareCISLayoutInformation|0|0
{4cc749f9-4df7-4dc7-b30f-67c67e886d5f}|CISNodeInformationToPrepareCISLayoutInformation|CIS Node Information --> Prepare CIS Layout Information|0|CISNodeInformation|PrepareCISLayoutInformation|0|0
{1d5c5650-624a-438d-8a04-d98df44c1113}|DomainModelFileToManageCISLayoutInformation|Domain Model File --> Manage CIS Layout Information|0|DomainModelFile|ManageCISLayoutInformation|0|0
{9eadb2f5-b8db-40e2-a31d-af0ab4f8293f}|ManageCISInformationInModelToSaveModelAfterUpdate|Manage CIS Information In Model --> Save Model After Update|1|ManageCISInformationInModel|SaveModelAfterUpdate|1|0
{cafea312-3d65-4489-89f2-b66b811f0187}|LoadModelForUpdateToManageCISInformationInModel|Load Model For Update --> Manage CIS Information In Model|0|LoadModelForUpdate|ManageCISInformationInModel|1|0
{12c4c821-b765-4896-bbc9-e92934133010}|ModelContextToManageCISInformationInModel|Model Context --> Manage CIS Information In Model|0|ModelContext|ManageCISInformationInModel|0|0
{1e815553-8ad4-43d7-9823-b647c590ef62}|CISLayoutToManageCISInformationInModel|CIS Layout --> Manage CIS Information In Model|0|CISLayout|ManageCISInformationInModel|0|0
{27eafc79-e16d-4d8b-8aaf-9050d6957751}|ProvideNodeInformationToUIToPredictivePatternCluster|Provide Node Information To UI --> Authoring Tool Predictive Pattern Cluster|1|ProvideNodeInformationToUI|PredictivePatternCluster|0|0
{0eb12774-0e7f-43f2-8a89-b45041474799}|PrepareNodeInformationToProvideNodeInformationToUI|Prepare Node Information --> Provide Node Information To UI|1|PrepareNodeInformation|ProvideNodeInformationToUI|1|0
{bca0cd6f-402e-4aea-8ef5-a11c9343a64b}|FetchNodeInformationFromRepositoryToPrepareNodeInformation|Fetch Node Information From Repository --> Prepare Node Information|1|FetchNodeInformationFromRepository|PrepareNodeInformation|1|0
{abff222c-780b-475a-a928-d5b2335c207b}|CISNodeInformationToPrepareNodeInformation|CIS Node Information --> Prepare Node Information|0|CISNodeInformation|PrepareNodeInformation|0|0
{70feb9f5-5dcb-402c-b56c-49fa16c1b2b0}|CISNodeInformationToFetchNodeInformationFromRepository|CIS Node Information --> Fetch Node Information From Repository|0|CISNodeInformation|FetchNodeInformationFromRepository|0|0
{b57629a2-67ba-4ec5-ad33-32d5020b9917}|DomainModelFileToPrepareNodeInformation|Domain Model File --> Prepare Node Information|0|DomainModelFile|PrepareNodeInformation|0|0
{25ee381d-245a-418d-9b99-34f86c580f93}|DomainModelFileToFetchNodeInformationFromRepository|Domain Model File --> Fetch Node Information From Repository|0|DomainModelFile|FetchNodeInformationFromRepository|0|0
{8a2e2987-69a3-4546-88a0-98dd09a8abfc}|PlatformDetailsToPrepareNodeInformation|Platform Details --> Prepare Node Information|0|PlatformDetails|PrepareNodeInformation|0|0
{18813fec-98e1-4690-a404-d675da54ef39}|SelectNodeForEditToProvideNodeInformationToUI|Select Node For Edit --> Provide Node Information To UI|0|SelectNodeForEdit|ProvideNodeInformationToUI|0|0
{33c25e34-43eb-4436-8820-accee7d3ffe5}|ProvideDeleteLinkInformationToUIToPredictivePatternCluster|Provide Delete Link Information To UI --> Authoring Tool Predictive Pattern Cluster|1|ProvideDeleteLinkInformationToUI|PredictivePatternCluster|0|0
{8383f4c5-866a-4806-aa90-5b3ef26dd691}|PrepareDeleteLinkInformationToProvideDeleteLinkInformationToUI|Prepare Delete Link Information --> Provide Delete Link Information To UI|1|PrepareDeleteLinkInformation|ProvideDeleteLinkInformationToUI|1|0
{99ac55e6-7d10-4c44-bf7e-d6c320e9b69b}|FetchLinkInformationFromRepositoryToPrepareDeleteLinkInformation|Fetch Link Information From Repository --> Prepare Delete Link Information|1|FetchLinkInformationFromRepository|PrepareDeleteLinkInformation|1|0
{da38e4d1-d923-443d-a953-d4d8abf06263}|LinkInformationToFetchLinkInformationFromRepository|Link Information --> Fetch Link Information From Repository|1|LinkInformation|FetchLinkInformationFromRepository|0|0
{448394ae-58da-438b-8135-a4e65836e9a2}|LinkNameToLinkInformation|Link Name --> Link Information|1|LinkName|LinkInformation|0|0
{9fe239c8-dfc3-48ab-98c7-2fe50369476b}|DomainModelFileToPrepareDeleteLinkInformation|Domain Model File --> Prepare Delete Link Information|0|DomainModelFile|PrepareDeleteLinkInformation|0|0
{1bcf45e1-cc7e-4d93-b64c-773fda0a2f23}|DomainModelFileToFetchLinkInformationFromRepository|Domain Model File --> Fetch Link Information From Repository|0|DomainModelFile|FetchLinkInformationFromRepository|0|0
{81093057-e1cd-4b7b-8bc5-15c7cef3517a}|PlatformDetailsToPrepareDeleteLinkInformation|Platform Details --> Prepare Delete Link Information|0|PlatformDetails|PrepareDeleteLinkInformation|0|0
{26d9b1c3-8773-4440-a40e-94a7476b9273}|LinkInformationToPrepareDeleteLinkInformation|Link Information --> Prepare Delete Link Information|0|LinkInformation|PrepareDeleteLinkInformation|0|0
{eced3c66-9c67-457c-8b45-27ad08a3203a}|SelectLinkToProvideDeleteLinkInformationToUI|Select Link --> Provide Delete Link Information To UI|0|SelectLink|ProvideDeleteLinkInformationToUI|0|0
{816bd1da-bab9-4c52-944c-8d714a72d58b}|ProvideNodeDiscussionInformationToUIToPredictivePatternCluster|Provide Node Discussion Information To UI --> Authoring Tool Predictive Pattern Cluster|1|ProvideNodeDiscussionInformationToUI|PredictivePatternCluster|0|0
{85e28892-8305-4f90-9d16-6f79b827f15a}|PrepareNodeDiscussionListToProvideNodeDiscussionInformationToUI|Prepare Node Discussion List --> Provide Node Discussion Information To UI|1|PrepareNodeDiscussionList|ProvideNodeDiscussionInformationToUI|1|0
{d362a748-b9e2-418b-8c29-b7f9a9b8ac9d}|FetchAllNodeDiscussionsFromRepositoryToPrepareNodeDiscussionList|Fetch All Node Discussions from Repository --> Prepare Node Discussion List|1|FetchAllNodeDiscussionsFromRepository|PrepareNodeDiscussionList|1|0
{d7aa6f80-46ce-4654-9e71-d5bb8d22fba7}|CISNodeInformationToFetchAllNodeDiscussionsFromRepository|CIS Node Information --> Fetch All Node Discussions from Repository|0|CISNodeInformation|FetchAllNodeDiscussionsFromRepository|0|0
{796fa064-a47b-46f9-bf6a-e50141333a73}|DomainModelFileToPrepareNodeDiscussionList|Domain Model File --> Prepare Node Discussion List|0|DomainModelFile|PrepareNodeDiscussionList|0|0
{cd855dfd-fb8d-434b-8ec7-66cbbcf801c8}|DomainModelFileToFetchAllNodeDiscussionsFromRepository|Domain Model File --> Fetch All Node Discussions from Repository|0|DomainModelFile|FetchAllNodeDiscussionsFromRepository|0|0
{cf163f72-181d-47a5-8040-8d4270873383}|PlatformDetailsToPrepareNodeDiscussionList|Platform Details --> Prepare Node Discussion List|0|PlatformDetails|PrepareNodeDiscussionList|0|0
{c64c9062-f950-44b9-972f-8bc458ccd91c}|CISNodeInformationToPrepareNodeDiscussionList|CIS Node Information --> Prepare Node Discussion List|0|CISNodeInformation|PrepareNodeDiscussionList|0|0
{d4d0248a-8ecf-43d2-bae3-716ba56aed66}|NodeDiscussionListInformationToProvideNodeDiscussionInformationToUI|Node Discussion List Information --> Provide Node Discussion Information To UI|1|NodeDiscussionListInformation|ProvideNodeDiscussionInformationToUI|0|0
{b35b308e-f69b-43d5-ae92-f83b8198487c}|NodeDiscussionListContentToNodeDiscussionListInformation|Node Discussion List Content --> Node Discussion List Information|1|NodeDiscussionListContent|NodeDiscussionListInformation|0|0
{16e5087e-d12e-473f-b478-76361db81b3c}|AuthoringToolContextClusterToUlyssesProvidedOverlayAuthoringTool|Authoring Tool Context Cluster --> Ulysses Provided Overlay Authoring Tool|1|AuthoringToolContextCluster|UlyssesProvidedOverlayAuthoringTool|0|0
{0861ab65-d146-4f87-bfd9-b5b4c834aca0}|FeedbackInformationToAuthoringToolContextCluster|Feedback Information --> Authoring Tool Context Cluster|1|FeedbackInformation|AuthoringToolContextCluster|0|0
{87732418-d452-4134-bcd3-c62273d52116}|ActionSuccessToFeedbackInformation|Result Of Action Performed --> Feedback Information|1|ActionSuccess|FeedbackInformation|0|0
{0d6f1d60-c470-419d-9040-9de57341d37c}|FeedbackErrorMessageToFeedbackInformation|Details of error if any --> Feedback Information|1|FeedbackErrorMessage|FeedbackInformation|0|0
{c83a3e19-1084-4d16-ae86-e759fd29d1d6}|OverlayUserInformationToAuthoringToolContextCluster|Overlay User Information --> Authoring Tool Context Cluster|1|OverlayUserInformation|AuthoringToolContextCluster|0|0
{280f0024-55ee-4fcf-a7f0-d0132f4f991e}|LoginNameToOverlayUserInformation|Login Name --> Overlay User Information|1|LoginName|OverlayUserInformation|0|0
{827ed98c-fc08-4f4e-b42c-7bd6d6441dc8}|LoginPasswordToOverlayUserInformation|Login Password --> Overlay User Information|1|LoginPassword|OverlayUserInformation|0|0
{77d366da-fe9e-4237-904e-4b77f0374891}|OverlayUserRepositoryInformationToAuthoringToolContextCluster|Overlay User Repository Information --> Authoring Tool Context Cluster|1|OverlayUserRepositoryInformation|AuthoringToolContextCluster|0|0
{fef9a723-f1df-4ebd-9595-5cef0e4577d0}|RepositoryFileNameToOverlayUserRepositoryInformation|Repository File Name --> Overlay User Repository Information|1|RepositoryFileName|OverlayUserRepositoryInformation|0|0
{fca18259-9e0f-4764-84bb-a748833cc3a9}|RepositoryFilePathToOverlayUserRepositoryInformation|Repository File Path --> Overlay User Repository Information|1|RepositoryFilePath|OverlayUserRepositoryInformation|0|0
{7a7d29e2-43bf-4939-912c-eccdae0a97d1}|ProvideOverlayUserAuthenticationResultToUIToPredictivePatternCluster|Provide Overlay User Authentication Result To UI --> Authoring Tool Predictive Pattern Cluster|1|ProvideOverlayUserAuthenticationResultToUI|PredictivePatternCluster|0|0
{f7f5bb0c-81fd-44ad-b187-449bb0717e67}|AuthenticateOverlayUserToProvideOverlayUserAuthenticationResultToUI|Authenticate Overlay User --> Provide Overlay User Authentication Result To UI|1|AuthenticateOverlayUser|ProvideOverlayUserAuthenticationResultToUI|1|0
{a9dbf1ff-20c7-4d5e-b690-068ca1a2bd99}|OverlayUserRepositoryInformationToAuthenticateOverlayUser|Overlay User Repository Information --> Authenticate Overlay User|0|OverlayUserRepositoryInformation|AuthenticateOverlayUser|0|0
{edd2f628-0cf3-442d-b1be-ca1a9a5a1785}|OverlayUserInformationToAuthenticateOverlayUser|Overlay User Information --> Authenticate Overlay User|0|OverlayUserInformation|AuthenticateOverlayUser|0|0
{ef9a1257-37ee-46d8-a8a5-b07371e37789}|FeedbackInformationToProvideOverlayUserAuthenticationResultToUI|Feedback Information --> Provide Overlay User Authentication Result To UI|0|FeedbackInformation|ProvideOverlayUserAuthenticationResultToUI|0|0
{85928d11-e191-4885-b74d-08c910e71d1e}|OverlayUserInformationToProvideOverlayUserAuthenticationResultToUI|Overlay User Information --> Provide Overlay User Authentication Result To UI|0|OverlayUserInformation|ProvideOverlayUserAuthenticationResultToUI|0|0
{69d5857d-4298-42c4-bea9-dfad287583a1}|ProvideOverlayUserListInformationToUIToPredictivePatternCluster|Provide Overlay User List Information To UI --> Authoring Tool Predictive Pattern Cluster|1|ProvideOverlayUserListInformationToUI|PredictivePatternCluster|0|0
{1222d973-01e7-459a-83df-65848a971d79}|FetchAllOverlayUsersFromTheRepositoryToProvideOverlayUserListInformationToUI|Fetch All Overlay Users From The Repository --> Provide Overlay User List Information To UI|1|FetchAllOverlayUsersFromTheRepository|ProvideOverlayUserListInformationToUI|1|0
{82dff614-8717-432d-8c49-3967306d57cd}|OverlayUserListInformationToAuthoringToolContextCluster|Overlay User List Information --> Authoring Tool Context Cluster|1|OverlayUserListInformation|AuthoringToolContextCluster|0|0
{8299d29a-cad0-4254-9da0-236bf6ab35b9}|OverlayUserListContentToOverlayUserListInformation|Overlay User List Content --> Overlay User List Information|1|OverlayUserListContent|OverlayUserListInformation|0|0
{d7be5423-c15f-4b09-87ee-abbaafdd37e3}|OverlayUserListInformationToProvideOverlayUserListInformationToUI|Overlay User List Information --> Provide Overlay User List Information To UI|0|OverlayUserListInformation|ProvideOverlayUserListInformationToUI|0|0
{0710363f-f338-41cb-875e-b171333d6b8f}|OverlayUserRepositoryInformationToFetchAllOverlayUsersFromTheRepository|Overlay User Repository Information --> Fetch All Overlay Users From The Repository|0|OverlayUserRepositoryInformation|FetchAllOverlayUsersFromTheRepository|0|0
{44638d14-d102-4006-9c7a-25c3c2134a95}|OverlayUserAuthenticationCISControllerToAuthoringToolCISCluster|Design CIS for Overlay User Authentication --> Authoring Tool CIS Cluster|1|OverlayUserAuthenticationCISController|AuthoringToolCISCluster|0|0
{8f7592d6-ffcb-47fd-a693-6e950c959be0}|OverlayUserAuthenticationViewRegionCISToOverlayUserAuthenticationCISController|Overlay User Authentication View will have a single region --> Design CIS for Overlay User Authentication|1|OverlayUserAuthenticationViewRegionCIS|OverlayUserAuthenticationCISController|0|0
{95f13c59-db55-40c8-b6a8-4c5698c2f3e2}|OverlayUserAuthenticationViewResourcesToOverlayUserAuthenticationCISController|Common Resources used in CIS for performing Overlay User Authentication --> Design CIS for Overlay User Authentication|1|OverlayUserAuthenticationViewResources|OverlayUserAuthenticationCISController|0|0
{6affb826-0940-4101-9632-95432c18a1b6}|IsAdminToAddOverlayRole|Is Admin --> Add Overlay Role|1|IsAdmin|AddOverlayRole|0|0
{7c717755-1bbe-4e5d-9114-e6e9d545e8e3}|IsAdmin1ToEditOverlayRole|Is Admin --> Edit Overlay Role|1|IsAdmin1|EditOverlayRole|0|0
{fdc9b9a1-9a0e-42a2-8e23-6f7b268bb385}|AdminUserIdToDomainModel|Admin User Id --> Domain Model|1|AdminUserId|DomainModel|0|0
